group,task,n_rows,fold,n_folds,seed
BTCV/labelsTr/img0001.nii.gz,BTCV,13,4,5,0
BTCV/labelsTr/img0002.nii.gz,BTCV,13,4,5,0
BTCV/labelsTr/img0004.nii.gz,BTCV,13,2,5,0
BTCV/labelsTr/img0005.nii.gz,BTCV,13,1,5,0
BTCV/labelsTr/img0006.nii.gz,BTCV,13,3,5,0
BTCV/labelsTr/img0008.nii.gz,BTCV,13,0,5,0
BTCV/labelsTr/img0010.nii.gz,BTCV,13,4,5,0
BTCV/labelsTr/img0021.nii.gz,BTCV,13,4,5,0
BTCV/labelsTr/img0022.nii.gz,BTCV,13,3,5,0
BTCV/labelsTr/img0023.nii.gz,BTCV,12,3,5,0
BTCV/labelsTr/img0024.nii.gz,BTCV,13,0,5,0
BTCV/labelsTr/img0025.nii.gz,BTCV,13,1,5,0
BTCV/labelsTr/img0026.nii.gz,BTCV,13,1,5,0
BTCV/labelsTr/img0027.nii.gz,BTCV,13,3,5,0
BTCV/labelsTr/img0028.nii.gz,BTCV,13,2,5,0
BTCV/labelsTr/img0029.nii.gz,BTCV,13,0,5,0
BTCV/labelsTr/img0030.nii.gz,BTCV,13,0,5,0
BTCV/labelsTr/img0031.nii.gz,BTCV,13,1,5,0
BTCV/labelsTr/img0033.nii.gz,BTCV,13,2,5,0
BTCV/labelsTr/img0034.nii.gz,BTCV,13,2,5,0
BTCV/labelsTr/img0035.nii.gz,BTCV,12,2,5,0
BTCV/labelsTr/img0037.nii.gz,BTCV,13,4,5,0
BTCV/labelsTr/img0038.nii.gz,BTCV,13,3,5,0
BTCV/labelsTr/img0039.nii.gz,BTCV,13,0,5,0
Sarcoma/labelsTr/STS_001,Sarcoma,2,4,5,0
Sarcoma/labelsTr/STS_003,Sarcoma,2,1,5,0
Sarcoma/labelsTr/STS_004,Sarcoma,1,4,5,0
Sarcoma/labelsTr/STS_006,Sarcoma,1,0,5,0
Sarcoma/labelsTr/STS_007,Sarcoma,1,3,5,0
Sarcoma/labelsTr/STS_008,Sarcoma,1,2,5,0
Sarcoma/labelsTr/STS_010,Sarcoma,2,0,5,0
Sarcoma/labelsTr/STS_011,Sarcoma,2,0,5,0
Sarcoma/labelsTr/STS_012,Sarcoma,2,4,5,0
Sarcoma/labelsTr/STS_013,Sarcoma,1,0,5,0
Sarcoma/labelsTr/STS_015,Sarcoma,2,2,5,0
Sarcoma/labelsTr/STS_016,Sarcoma,2,4,5,0
Sarcoma/labelsTr/STS_017,Sarcoma,1,0,5,0
Sarcoma/labelsTr/STS_018,Sarcoma,1,3,5,0
Sarcoma/labelsTr/STS_019,Sarcoma,1,4,5,0
Sarcoma/labelsTr/STS_021,Sarcoma,2,0,5,0
Sarcoma/labelsTr/STS_022,Sarcoma,2,3,5,0
Sarcoma/labelsTr/STS_023,Sarcoma,2,0,5,0
Sarcoma/labelsTr/STS_024,Sarcoma,2,3,5,0
Sarcoma/labelsTr/STS_027,Sarcoma,2,1,5,0
Sarcoma/labelsTr/STS_028,Sarcoma,1,2,5,0
Sarcoma/labelsTr/STS_029,Sarcoma,2,3,5,0
Sarcoma/labelsTr/STS_030,Sarcoma,2,1,5,0
Sarcoma/labelsTr/STS_031,Sarcoma,2,3,5,0
Sarcoma/labelsTr/STS_032,Sarcoma,2,4,5,0
Sarcoma/labelsTr/STS_033,Sarcoma,2,2,5,0
Sarcoma/labelsTr/STS_035,Sarcoma,1,2,5,0
Sarcoma/labelsTr/STS_036,Sarcoma,2,1,5,0
Sarcoma/labelsTr/STS_037,Sarcoma,2,2,5,0
Sarcoma/labelsTr/STS_038,Sarcoma,2,0,5,0
Sarcoma/labelsTr/STS_039,Sarcoma,2,1,5,0
Sarcoma/labelsTr/STS_040,Sarcoma,1,1,5,0
Sarcoma/labelsTr/STS_041,Sarcoma,2,4,5,0
Sarcoma/labelsTr/STS_042,Sarcoma,2,2,5,0
Sarcoma/labelsTr/STS_043,Sarcoma,1,4,5,0
Sarcoma/labelsTr/STS_046,Sarcoma,2,2,5,0
Sarcoma/labelsTr/STS_047,Sarcoma,1,1,5,0
Sarcoma/labelsTr/STS_048,Sarcoma,2,3,5,0
Sarcoma/labelsTr/STS_049,Sarcoma,1,3,5,0
Sarcoma/labelsTr/STS_051,Sarcoma,1,1,5,0
MSD/Task01_BrainTumour/labelsTr/BRATS_002.nii.gz,Task01_BrainTumour,3,3,5,0
MSD/Task01_BrainTumour/labelsTr/BRATS_004.nii.gz,Task01_BrainTumour,3,1,5,0
MSD/Task01_BrainTumour/labelsTr/BRATS_005.nii.gz,Task01_BrainTumour,3,0,5,0
MSD/Task01_BrainTumour/labelsTr/BRATS_006.nii.gz,Task01_BrainTumour,3,1,5,0
MSD/Task01_BrainTumour/labelsTr/BRATS_008.nii.gz,Task01_BrainTumour,3,3,5,0
MSD/Task01_BrainTumour/labelsTr/BRATS_009.nii.gz,Task01_BrainTumour,3,3,5,0
MSD/Task01_BrainTumour/labelsTr/BRATS_010.nii.gz,Task01_BrainTumour,3,3,5,0
MSD/Task01_BrainTumour/labelsTr/BRATS_011.nii.gz,Task01_BrainTumour,3,3,5,0
MSD/Task01_BrainTumour/labelsTr/BRATS_012.nii.gz,Task01_BrainTumour,3,2,5,0
MSD/Task01_BrainTumour/labelsTr/BRATS_015.nii.gz,Task01_BrainTumour,3,1,5,0
MSD/Task01_BrainTumour/labelsTr/BRATS_016.nii.gz,Task01_BrainTumour,3,3,5,0
MSD/Task01_BrainTumour/labelsTr/BRATS_017.nii.gz,Task01_BrainTumour,3,4,5,0
MSD/Task01_BrainTumour/labelsTr/BRATS_019.nii.gz,Task01_BrainTumour,3,0,5,0
MSD/Task01_BrainTumour/labelsTr/BRATS_020.nii.gz,Task01_BrainTumour,3,0,5,0
MSD/Task01_BrainTumour/labelsTr/BRATS_021.nii.gz,Task01_BrainTumour,3,2,5,0
MSD/Task01_BrainTumour/labelsTr/BRATS_022.nii.gz,Task01_BrainTumour,3,2,5,0
MSD/Task01_BrainTumour/labelsTr/BRATS_023.nii.gz,Task01_BrainTumour,2,3,5,0
MSD/Task01_BrainTumour/labelsTr/BRATS_024.nii.gz,Task01_BrainTumour,2,3,5,0
MSD/Task01_BrainTumour/labelsTr/BRATS_025.nii.gz,Task01_BrainTumour,2,1,5,0
MSD/Task01_BrainTumour/labelsTr/BRATS_026.nii.gz,Task01_BrainTumour,2,1,5,0
MSD/Task01_BrainTumour/labelsTr/BRATS_027.nii.gz,Task01_BrainTumour,2,1,5,0
MSD/Task01_BrainTumour/labelsTr/BRATS_028.nii.gz,Task01_BrainTumour,3,2,5,0
MSD/Task01_BrainTumour/labelsTr/BRATS_029.nii.gz,Task01_BrainTumour,2,3,5,0
MSD/Task01_BrainTumour/labelsTr/BRATS_031.nii.gz,Task01_BrainTumour,3,3,5,0
MSD/Task01_BrainTumour/labelsTr/BRATS_032.nii.gz,Task01_BrainTumour,3,3,5,0
MSD/Task01_BrainTumour/labelsTr/BRATS_033.nii.gz,Task01_BrainTumour,3,0,5,0
MSD/Task01_BrainTumour/labelsTr/BRATS_034.nii.gz,Task01_BrainTumour,3,1,5,0
MSD/Task01_BrainTumour/labelsTr/BRATS_035.nii.gz,Task01_BrainTumour,3,2,5,0
MSD/Task01_BrainTumour/labelsTr/BRATS_036.nii.gz,Task01_BrainTumour,3,4,5,0
MSD/Task01_BrainTumour/labelsTr/BRATS_038.nii.gz,Task01_BrainTumour,3,4,5,0
MSD/Task01_BrainTumour/labelsTr/BRATS_039.nii.gz,Task01_BrainTumour,3,0,5,0
MSD/Task01_BrainTumour/labelsTr/BRATS_040.nii.gz,Task01_BrainTumour,3,4,5,0
MSD/Task01_BrainTumour/labelsTr/BRATS_042.nii.gz,Task01_BrainTumour,3,1,5,0
MSD/Task01_BrainTumour/labelsTr/BRATS_043.nii.gz,Task01_BrainTumour,3,1,5,0
MSD/Task01_BrainTumour/labelsTr/BRATS_044.nii.gz,Task01_BrainTumour,3,2,5,0
MSD/Task01_BrainTumour/labelsTr/BRATS_046.nii.gz,Task01_BrainTumour,3,3,5,0
MSD/Task01_BrainTumour/labelsTr/BRATS_048.nii.gz,Task01_BrainTumour,3,4,5,0
MSD/Task01_BrainTumour/labelsTr/BRATS_049.nii.gz,Task01_BrainTumour,3,3,5,0
MSD/Task01_BrainTumour/labelsTr/BRATS_050.nii.gz,Task01_BrainTumour,3,2,5,0
MSD/Task01_BrainTumour/labelsTr/BRATS_051.nii.gz,Task01_BrainTumour,3,1,5,0
MSD/Task01_BrainTumour/labelsTr/BRATS_055.nii.gz,Task01_BrainTumour,3,3,5,0
MSD/Task01_BrainTumour/labelsTr/BRATS_056.nii.gz,Task01_BrainTumour,3,2,5,0
MSD/Task01_BrainTumour/labelsTr/BRATS_058.nii.gz,Task01_BrainTumour,3,4,5,0
MSD/Task01_BrainTumour/labelsTr/BRATS_059.nii.gz,Task01_BrainTumour,3,4,5,0
MSD/Task01_BrainTumour/labelsTr/BRATS_060.nii.gz,Task01_BrainTumour,3,3,5,0
MSD/Task01_BrainTumour/labelsTr/BRATS_061.nii.gz,Task01_BrainTumour,3,2,5,0
MSD/Task01_BrainTumour/labelsTr/BRATS_062.nii.gz,Task01_BrainTumour,3,2,5,0
MSD/Task01_BrainTumour/labelsTr/BRATS_063.nii.gz,Task01_BrainTumour,3,0,5,0
MSD/Task01_BrainTumour/labelsTr/BRATS_064.nii.gz,Task01_BrainTumour,3,4,5,0
MSD/Task01_BrainTumour/labelsTr/BRATS_066.nii.gz,Task01_BrainTumour,3,4,5,0
MSD/Task01_BrainTumour/labelsTr/BRATS_067.nii.gz,Task01_BrainTumour,3,4,5,0
MSD/Task01_BrainTumour/labelsTr/BRATS_068.nii.gz,Task01_BrainTumour,3,0,5,0
MSD/Task01_BrainTumour/labelsTr/BRATS_069.nii.gz,Task01_BrainTumour,3,3,5,0
MSD/Task01_BrainTumour/labelsTr/BRATS_070.nii.gz,Task01_BrainTumour,3,2,5,0
MSD/Task01_BrainTumour/labelsTr/BRATS_071.nii.gz,Task01_BrainTumour,3,2,5,0
MSD/Task01_BrainTumour/labelsTr/BRATS_072.nii.gz,Task01_BrainTumour,3,1,5,0
MSD/Task01_BrainTumour/labelsTr/BRATS_074.nii.gz,Task01_BrainTumour,3,2,5,0
MSD/Task01_BrainTumour/labelsTr/BRATS_075.nii.gz,Task01_BrainTumour,3,1,5,0
MSD/Task01_BrainTumour/labelsTr/BRATS_076.nii.gz,Task01_BrainTumour,3,3,5,0
MSD/Task01_BrainTumour/labelsTr/BRATS_077.nii.gz,Task01_BrainTumour,3,4,5,0
MSD/Task01_BrainTumour/labelsTr/BRATS_078.nii.gz,Task01_BrainTumour,3,1,5,0
MSD/Task01_BrainTumour/labelsTr/BRATS_079.nii.gz,Task01_BrainTumour,3,3,5,0
MSD/Task01_BrainTumour/labelsTr/BRATS_080.nii.gz,Task01_BrainTumour,3,0,5,0
MSD/Task01_BrainTumour/labelsTr/BRATS_082.nii.gz,Task01_BrainTumour,3,0,5,0
MSD/Task01_BrainTumour/labelsTr/BRATS_083.nii.gz,Task01_BrainTumour,3,3,5,0
MSD/Task01_BrainTumour/labelsTr/BRATS_085.nii.gz,Task01_BrainTumour,3,0,5,0
MSD/Task01_BrainTumour/labelsTr/BRATS_086.nii.gz,Task01_BrainTumour,3,4,5,0
MSD/Task01_BrainTumour/labelsTr/BRATS_087.nii.gz,Task01_BrainTumour,3,4,5,0
MSD/Task01_BrainTumour/labelsTr/BRATS_089.nii.gz,Task01_BrainTumour,3,0,5,0
MSD/Task01_BrainTumour/labelsTr/BRATS_092.nii.gz,Task01_BrainTumour,3,1,5,0
MSD/Task01_BrainTumour/labelsTr/BRATS_093.nii.gz,Task01_BrainTumour,3,4,5,0
MSD/Task01_BrainTumour/labelsTr/BRATS_094.nii.gz,Task01_BrainTumour,3,1,5,0
MSD/Task01_BrainTumour/labelsTr/BRATS_096.nii.gz,Task01_BrainTumour,3,3,5,0
MSD/Task01_BrainTumour/labelsTr/BRATS_097.nii.gz,Task01_BrainTumour,3,0,5,0
MSD/Task01_BrainTumour/labelsTr/BRATS_098.nii.gz,Task01_BrainTumour,3,3,5,0
MSD/Task01_BrainTumour/labelsTr/BRATS_099.nii.gz,Task01_BrainTumour,3,3,5,0
MSD/Task01_BrainTumour/labelsTr/BRATS_101.nii.gz,Task01_BrainTumour,3,1,5,0
MSD/Task01_BrainTumour/labelsTr/BRATS_102.nii.gz,Task01_BrainTumour,3,3,5,0
MSD/Task01_BrainTumour/labelsTr/BRATS_103.nii.gz,Task01_BrainTumour,3,3,5,0
MSD/Task01_BrainTumour/labelsTr/BRATS_104.nii.gz,Task01_BrainTumour,3,2,5,0
MSD/Task01_BrainTumour/labelsTr/BRATS_105.nii.gz,Task01_BrainTumour,3,1,5,0
MSD/Task01_BrainTumour/labelsTr/BRATS_106.nii.gz,Task01_BrainTumour,3,2,5,0
MSD/Task01_BrainTumour/labelsTr/BRATS_107.nii.gz,Task01_BrainTumour,3,3,5,0
MSD/Task01_BrainTumour/labelsTr/BRATS_108.nii.gz,Task01_BrainTumour,3,2,5,0
MSD/Task01_BrainTumour/labelsTr/BRATS_109.nii.gz,Task01_BrainTumour,3,1,5,0
MSD/Task01_BrainTumour/labelsTr/BRATS_110.nii.gz,Task01_BrainTumour,3,2,5,0
MSD/Task01_BrainTumour/labelsTr/BRATS_112.nii.gz,Task01_BrainTumour,3,2,5,0
MSD/Task01_BrainTumour/labelsTr/BRATS_113.nii.gz,Task01_BrainTumour,3,1,5,0
MSD/Task01_BrainTumour/labelsTr/BRATS_114.nii.gz,Task01_BrainTumour,3,1,5,0
MSD/Task01_BrainTumour/labelsTr/BRATS_115.nii.gz,Task01_BrainTumour,3,1,5,0
MSD/Task01_BrainTumour/labelsTr/BRATS_117.nii.gz,Task01_BrainTumour,3,0,5,0
MSD/Task01_BrainTumour/labelsTr/BRATS_119.nii.gz,Task01_BrainTumour,3,1,5,0
MSD/Task01_BrainTumour/labelsTr/BRATS_120.nii.gz,Task01_BrainTumour,3,0,5,0
MSD/Task01_BrainTumour/labelsTr/BRATS_121.nii.gz,Task01_BrainTumour,3,0,5,0
MSD/Task01_BrainTumour/labelsTr/BRATS_122.nii.gz,Task01_BrainTumour,3,0,5,0
MSD/Task01_BrainTumour/labelsTr/BRATS_123.nii.gz,Task01_BrainTumour,3,3,5,0
MSD/Task01_BrainTumour/labelsTr/BRATS_124.nii.gz,Task01_BrainTumour,3,2,5,0
MSD/Task01_BrainTumour/labelsTr/BRATS_125.nii.gz,Task01_BrainTumour,3,1,5,0
MSD/Task01_BrainTumour/labelsTr/BRATS_126.nii.gz,Task01_BrainTumour,3,1,5,0
MSD/Task01_BrainTumour/labelsTr/BRATS_128.nii.gz,Task01_BrainTumour,3,4,5,0
MSD/Task01_BrainTumour/labelsTr/BRATS_130.nii.gz,Task01_BrainTumour,3,1,5,0
MSD/Task01_BrainTumour/labelsTr/BRATS_131.nii.gz,Task01_BrainTumour,3,1,5,0
MSD/Task01_BrainTumour/labelsTr/BRATS_132.nii.gz,Task01_BrainTumour,3,1,5,0
MSD/Task01_BrainTumour/labelsTr/BRATS_133.nii.gz,Task01_BrainTumour,3,1,5,0
MSD/Task01_BrainTumour/labelsTr/BRATS_134.nii.gz,Task01_BrainTumour,3,1,5,0
MSD/Task01_BrainTumour/labelsTr/BRATS_135.nii.gz,Task01_BrainTumour,3,0,5,0
MSD/Task01_BrainTumour/labelsTr/BRATS_136.nii.gz,Task01_BrainTumour,3,1,5,0
MSD/Task01_BrainTumour/labelsTr/BRATS_137.nii.gz,Task01_BrainTumour,3,3,5,0
MSD/Task01_BrainTumour/labelsTr/BRATS_138.nii.gz,Task01_BrainTumour,3,3,5,0
MSD/Task01_BrainTumour/labelsTr/BRATS_141.nii.gz,Task01_BrainTumour,3,1,5,0
MSD/Task01_BrainTumour/labelsTr/BRATS_142.nii.gz,Task01_BrainTumour,3,3,5,0
MSD/Task01_BrainTumour/labelsTr/BRATS_143.nii.gz,Task01_BrainTumour,3,2,5,0
MSD/Task01_BrainTumour/labelsTr/BRATS_144.nii.gz,Task01_BrainTumour,3,3,5,0
MSD/Task01_BrainTumour/labelsTr/BRATS_145.nii.gz,Task01_BrainTumour,3,4,5,0
MSD/Task01_BrainTumour/labelsTr/BRATS_146.nii.gz,Task01_BrainTumour,3,3,5,0
MSD/Task01_BrainTumour/labelsTr/BRATS_147.nii.gz,Task01_BrainTumour,3,2,5,0
MSD/Task01_BrainTumour/labelsTr/BRATS_149.nii.gz,Task01_BrainTumour,3,1,5,0
MSD/Task01_BrainTumour/labelsTr/BRATS_150.nii.gz,Task01_BrainTumour,3,2,5,0
MSD/Task01_BrainTumour/labelsTr/BRATS_151.nii.gz,Task01_BrainTumour,3,0,5,0
MSD/Task01_BrainTumour/labelsTr/BRATS_152.nii.gz,Task01_BrainTumour,3,4,5,0
MSD/Task01_BrainTumour/labelsTr/BRATS_153.nii.gz,Task01_BrainTumour,3,2,5,0
MSD/Task01_BrainTumour/labelsTr/BRATS_154.nii.gz,Task01_BrainTumour,3,3,5,0
MSD/Task01_BrainTumour/labelsTr/BRATS_155.nii.gz,Task01_BrainTumour,3,2,5,0
MSD/Task01_BrainTumour/labelsTr/BRATS_156.nii.gz,Task01_BrainTumour,3,4,5,0
MSD/Task01_BrainTumour/labelsTr/BRATS_157.nii.gz,Task01_BrainTumour,3,2,5,0
MSD/Task01_BrainTumour/labelsTr/BRATS_158.nii.gz,Task01_BrainTumour,3,2,5,0
MSD/Task01_BrainTumour/labelsTr/BRATS_159.nii.gz,Task01_BrainTumour,3,2,5,0
MSD/Task01_BrainTumour/labelsTr/BRATS_160.nii.gz,Task01_BrainTumour,3,2,5,0
MSD/Task01_BrainTumour/labelsTr/BRATS_161.nii.gz,Task01_BrainTumour,3,4,5,0
MSD/Task01_BrainTumour/labelsTr/BRATS_162.nii.gz,Task01_BrainTumour,3,3,5,0
MSD/Task01_BrainTumour/labelsTr/BRATS_163.nii.gz,Task01_BrainTumour,3,2,5,0
MSD/Task01_BrainTumour/labelsTr/BRATS_164.nii.gz,Task01_BrainTumour,3,2,5,0
MSD/Task01_BrainTumour/labelsTr/BRATS_167.nii.gz,Task01_BrainTumour,3,1,5,0
MSD/Task01_BrainTumour/labelsTr/BRATS_168.nii.gz,Task01_BrainTumour,3,3,5,0
MSD/Task01_BrainTumour/labelsTr/BRATS_169.nii.gz,Task01_BrainTumour,3,1,5,0
MSD/Task01_BrainTumour/labelsTr/BRATS_170.nii.gz,Task01_BrainTumour,3,3,5,0
MSD/Task01_BrainTumour/labelsTr/BRATS_171.nii.gz,Task01_BrainTumour,3,0,5,0
MSD/Task01_BrainTumour/labelsTr/BRATS_172.nii.gz,Task01_BrainTumour,3,1,5,0
MSD/Task01_BrainTumour/labelsTr/BRATS_174.nii.gz,Task01_BrainTumour,3,0,5,0
MSD/Task01_BrainTumour/labelsTr/BRATS_176.nii.gz,Task01_BrainTumour,2,1,5,0
MSD/Task01_BrainTumour/labelsTr/BRATS_177.nii.gz,Task01_BrainTumour,2,1,5,0
MSD/Task01_BrainTumour/labelsTr/BRATS_178.nii.gz,Task01_BrainTumour,2,1,5,0
MSD/Task01_BrainTumour/labelsTr/BRATS_179.nii.gz,Task01_BrainTumour,3,1,5,0
MSD/Task01_BrainTumour/labelsTr/BRATS_180.nii.gz,Task01_BrainTumour,3,1,5,0
MSD/Task01_BrainTumour/labelsTr/BRATS_181.nii.gz,Task01_BrainTumour,3,2,5,0
MSD/Task01_BrainTumour/labelsTr/BRATS_182.nii.gz,Task01_BrainTumour,3,3,5,0
MSD/Task01_BrainTumour/labelsTr/BRATS_183.nii.gz,Task01_BrainTumour,3,2,5,0
MSD/Task01_BrainTumour/labelsTr/BRATS_184.nii.gz,Task01_BrainTumour,3,1,5,0
MSD/Task01_BrainTumour/labelsTr/BRATS_185.nii.gz,Task01_BrainTumour,3,0,5,0
MSD/Task01_BrainTumour/labelsTr/BRATS_186.nii.gz,Task01_BrainTumour,3,0,5,0
MSD/Task01_BrainTumour/labelsTr/BRATS_187.nii.gz,Task01_BrainTumour,3,0,5,0
MSD/Task01_BrainTumour/labelsTr/BRATS_188.nii.gz,Task01_BrainTumour,3,3,5,0
MSD/Task01_BrainTumour/labelsTr/BRATS_191.nii.gz,Task01_BrainTumour,3,0,5,0
MSD/Task01_BrainTumour/labelsTr/BRATS_193.nii.gz,Task01_BrainTumour,3,4,5,0
MSD/Task01_BrainTumour/labelsTr/BRATS_194.nii.gz,Task01_BrainTumour,3,2,5,0
MSD/Task01_BrainTumour/labelsTr/BRATS_195.nii.gz,Task01_BrainTumour,3,3,5,0
MSD/Task01_BrainTumour/labelsTr/BRATS_196.nii.gz,Task01_BrainTumour,3,2,5,0
MSD/Task01_BrainTumour/labelsTr/BRATS_198.nii.gz,Task01_BrainTumour,3,2,5,0
MSD/Task01_BrainTumour/labelsTr/BRATS_200.nii.gz,Task01_BrainTumour,3,2,5,0
MSD/Task01_BrainTumour/labelsTr/BRATS_201.nii.gz,Task01_BrainTumour,3,4,5,0
MSD/Task01_BrainTumour/labelsTr/BRATS_202.nii.gz,Task01_BrainTumour,3,0,5,0
MSD/Task01_BrainTumour/labelsTr/BRATS_203.nii.gz,Task01_BrainTumour,3,1,5,0
MSD/Task01_BrainTumour/labelsTr/BRATS_204.nii.gz,Task01_BrainTumour,3,2,5,0
MSD/Task01_BrainTumour/labelsTr/BRATS_205.nii.gz,Task01_BrainTumour,3,4,5,0
MSD/Task01_BrainTumour/labelsTr/BRATS_206.nii.gz,Task01_BrainTumour,3,1,5,0
MSD/Task01_BrainTumour/labelsTr/BRATS_207.nii.gz,Task01_BrainTumour,3,3,5,0
MSD/Task01_BrainTumour/labelsTr/BRATS_208.nii.gz,Task01_BrainTumour,3,2,5,0
MSD/Task01_BrainTumour/labelsTr/BRATS_209.nii.gz,Task01_BrainTumour,3,1,5,0
MSD/Task01_BrainTumour/labelsTr/BRATS_210.nii.gz,Task01_BrainTumour,3,4,5,0
MSD/Task01_BrainTumour/labelsTr/BRATS_211.nii.gz,Task01_BrainTumour,3,1,5,0
MSD/Task01_BrainTumour/labelsTr/BRATS_213.nii.gz,Task01_BrainTumour,3,2,5,0
MSD/Task01_BrainTumour/labelsTr/BRATS_214.nii.gz,Task01_BrainTumour,3,1,5,0
MSD/Task01_BrainTumour/labelsTr/BRATS_215.nii.gz,Task01_BrainTumour,3,0,5,0
MSD/Task01_BrainTumour/labelsTr/BRATS_216.nii.gz,Task01_BrainTumour,3,3,5,0
MSD/Task01_BrainTumour/labelsTr/BRATS_219.nii.gz,Task01_BrainTumour,3,0,5,0
MSD/Task01_BrainTumour/labelsTr/BRATS_224.nii.gz,Task01_BrainTumour,3,1,5,0
MSD/Task01_BrainTumour/labelsTr/BRATS_225.nii.gz,Task01_BrainTumour,3,4,5,0
MSD/Task01_BrainTumour/labelsTr/BRATS_226.nii.gz,Task01_BrainTumour,2,1,5,0
MSD/Task01_BrainTumour/labelsTr/BRATS_227.nii.gz,Task01_BrainTumour,3,2,5,0
MSD/Task01_BrainTumour/labelsTr/BRATS_228.nii.gz,Task01_BrainTumour,3,2,5,0
MSD/Task01_BrainTumour/labelsTr/BRATS_231.nii.gz,Task01_BrainTumour,3,4,5,0
MSD/Task01_BrainTumour/labelsTr/BRATS_232.nii.gz,Task01_BrainTumour,3,4,5,0
MSD/Task01_BrainTumour/labelsTr/BRATS_233.nii.gz,Task01_BrainTumour,3,4,5,0
MSD/Task01_BrainTumour/labelsTr/BRATS_236.nii.gz,Task01_BrainTumour,3,2,5,0
MSD/Task01_BrainTumour/labelsTr/BRATS_237.nii.gz,Task01_BrainTumour,3,0,5,0
MSD/Task01_BrainTumour/labelsTr/BRATS_238.nii.gz,Task01_BrainTumour,3,2,5,0
MSD/Task01_BrainTumour/labelsTr/BRATS_239.nii.gz,Task01_BrainTumour,3,0,5,0
MSD/Task01_BrainTumour/labelsTr/BRATS_241.nii.gz,Task01_BrainTumour,3,1,5,0
MSD/Task01_BrainTumour/labelsTr/BRATS_242.nii.gz,Task01_BrainTumour,3,1,5,0
MSD/Task01_BrainTumour/labelsTr/BRATS_243.nii.gz,Task01_BrainTumour,3,0,5,0
MSD/Task01_BrainTumour/labelsTr/BRATS_244.nii.gz,Task01_BrainTumour,3,1,5,0
MSD/Task01_BrainTumour/labelsTr/BRATS_246.nii.gz,Task01_BrainTumour,3,2,5,0
MSD/Task01_BrainTumour/labelsTr/BRATS_247.nii.gz,Task01_BrainTumour,3,1,5,0
MSD/Task01_BrainTumour/labelsTr/BRATS_248.nii.gz,Task01_BrainTumour,3,2,5,0
MSD/Task01_BrainTumour/labelsTr/BRATS_250.nii.gz,Task01_BrainTumour,3,2,5,0
MSD/Task01_BrainTumour/labelsTr/BRATS_251.nii.gz,Task01_BrainTumour,3,2,5,0
MSD/Task01_BrainTumour/labelsTr/BRATS_253.nii.gz,Task01_BrainTumour,3,0,5,0
MSD/Task01_BrainTumour/labelsTr/BRATS_256.nii.gz,Task01_BrainTumour,3,1,5,0
MSD/Task01_BrainTumour/labelsTr/BRATS_257.nii.gz,Task01_BrainTumour,3,3,5,0
MSD/Task01_BrainTumour/labelsTr/BRATS_258.nii.gz,Task01_BrainTumour,3,2,5,0
MSD/Task01_BrainTumour/labelsTr/BRATS_259.nii.gz,Task01_BrainTumour,3,0,5,0
MSD/Task01_BrainTumour/labelsTr/BRATS_260.nii.gz,Task01_BrainTumour,3,0,5,0
MSD/Task01_BrainTumour/labelsTr/BRATS_261.nii.gz,Task01_BrainTumour,3,4,5,0
MSD/Task01_BrainTumour/labelsTr/BRATS_262.nii.gz,Task01_BrainTumour,3,2,5,0
MSD/Task01_BrainTumour/labelsTr/BRATS_263.nii.gz,Task01_BrainTumour,3,3,5,0
MSD/Task01_BrainTumour/labelsTr/BRATS_264.nii.gz,Task01_BrainTumour,3,1,5,0
MSD/Task01_BrainTumour/labelsTr/BRATS_265.nii.gz,Task01_BrainTumour,3,3,5,0
MSD/Task01_BrainTumour/labelsTr/BRATS_269.nii.gz,Task01_BrainTumour,3,3,5,0
MSD/Task01_BrainTumour/labelsTr/BRATS_270.nii.gz,Task01_BrainTumour,3,3,5,0
MSD/Task01_BrainTumour/labelsTr/BRATS_271.nii.gz,Task01_BrainTumour,3,0,5,0
MSD/Task01_BrainTumour/labelsTr/BRATS_272.nii.gz,Task01_BrainTumour,3,0,5,0
MSD/Task01_BrainTumour/labelsTr/BRATS_273.nii.gz,Task01_BrainTumour,3,2,5,0
MSD/Task01_BrainTumour/labelsTr/BRATS_274.nii.gz,Task01_BrainTumour,3,3,5,0
MSD/Task01_BrainTumour/labelsTr/BRATS_275.nii.gz,Task01_BrainTumour,3,0,5,0
MSD/Task01_BrainTumour/labelsTr/BRATS_276.nii.gz,Task01_BrainTumour,3,2,5,0
MSD/Task01_BrainTumour/labelsTr/BRATS_277.nii.gz,Task01_BrainTumour,3,0,5,0
MSD/Task01_BrainTumour/labelsTr/BRATS_278.nii.gz,Task01_BrainTumour,3,3,5,0
MSD/Task01_BrainTumour/labelsTr/BRATS_279.nii.gz,Task01_BrainTumour,3,3,5,0
MSD/Task01_BrainTumour/labelsTr/BRATS_280.nii.gz,Task01_BrainTumour,3,3,5,0
MSD/Task01_BrainTumour/labelsTr/BRATS_281.nii.gz,Task01_BrainTumour,3,3,5,0
MSD/Task01_BrainTumour/labelsTr/BRATS_282.nii.gz,Task01_BrainTumour,3,3,5,0
MSD/Task01_BrainTumour/labelsTr/BRATS_283.nii.gz,Task01_BrainTumour,3,0,5,0
MSD/Task01_BrainTumour/labelsTr/BRATS_284.nii.gz,Task01_BrainTumour,3,3,5,0
MSD/Task01_BrainTumour/labelsTr/BRATS_285.nii.gz,Task01_BrainTumour,3,0,5,0
MSD/Task01_BrainTumour/labelsTr/BRATS_287.nii.gz,Task01_BrainTumour,3,0,5,0
MSD/Task01_BrainTumour/labelsTr/BRATS_288.nii.gz,Task01_BrainTumour,3,3,5,0
MSD/Task01_BrainTumour/labelsTr/BRATS_289.nii.gz,Task01_BrainTumour,3,3,5,0
MSD/Task01_BrainTumour/labelsTr/BRATS_290.nii.gz,Task01_BrainTumour,3,0,5,0
MSD/Task01_BrainTumour/labelsTr/BRATS_291.nii.gz,Task01_BrainTumour,3,3,5,0
MSD/Task01_BrainTumour/labelsTr/BRATS_292.nii.gz,Task01_BrainTumour,3,1,5,0
MSD/Task01_BrainTumour/labelsTr/BRATS_293.nii.gz,Task01_BrainTumour,3,0,5,0
MSD/Task01_BrainTumour/labelsTr/BRATS_294.nii.gz,Task01_BrainTumour,3,1,5,0
MSD/Task01_BrainTumour/labelsTr/BRATS_295.nii.gz,Task01_BrainTumour,3,0,5,0
MSD/Task01_BrainTumour/labelsTr/BRATS_296.nii.gz,Task01_BrainTumour,3,0,5,0
MSD/Task01_BrainTumour/labelsTr/BRATS_298.nii.gz,Task01_BrainTumour,3,3,5,0
MSD/Task01_BrainTumour/labelsTr/BRATS_300.nii.gz,Task01_BrainTumour,3,0,5,0
MSD/Task01_BrainTumour/labelsTr/BRATS_302.nii.gz,Task01_BrainTumour,3,1,5,0
MSD/Task01_BrainTumour/labelsTr/BRATS_303.nii.gz,Task01_BrainTumour,3,2,5,0
MSD/Task01_BrainTumour/labelsTr/BRATS_304.nii.gz,Task01_BrainTumour,3,4,5,0
MSD/Task01_BrainTumour/labelsTr/BRATS_305.nii.gz,Task01_BrainTumour,3,0,5,0
MSD/Task01_BrainTumour/labelsTr/BRATS_306.nii.gz,Task01_BrainTumour,3,4,5,0
MSD/Task01_BrainTumour/labelsTr/BRATS_307.nii.gz,Task01_BrainTumour,3,4,5,0
MSD/Task01_BrainTumour/labelsTr/BRATS_308.nii.gz,Task01_BrainTumour,3,3,5,0
MSD/Task01_BrainTumour/labelsTr/BRATS_309.nii.gz,Task01_BrainTumour,3,4,5,0
MSD/Task01_BrainTumour/labelsTr/BRATS_310.nii.gz,Task01_BrainTumour,3,4,5,0
MSD/Task01_BrainTumour/labelsTr/BRATS_311.nii.gz,Task01_BrainTumour,3,0,5,0
MSD/Task01_BrainTumour/labelsTr/BRATS_313.nii.gz,Task01_BrainTumour,3,3,5,0
MSD/Task01_BrainTumour/labelsTr/BRATS_316.nii.gz,Task01_BrainTumour,3,2,5,0
MSD/Task01_BrainTumour/labelsTr/BRATS_317.nii.gz,Task01_BrainTumour,3,3,5,0
MSD/Task01_BrainTumour/labelsTr/BRATS_318.nii.gz,Task01_BrainTumour,3,4,5,0
MSD/Task01_BrainTumour/labelsTr/BRATS_319.nii.gz,Task01_BrainTumour,3,0,5,0
MSD/Task01_BrainTumour/labelsTr/BRATS_320.nii.gz,Task01_BrainTumour,3,4,5,0
MSD/Task01_BrainTumour/labelsTr/BRATS_322.nii.gz,Task01_BrainTumour,3,1,5,0
MSD/Task01_BrainTumour/labelsTr/BRATS_323.nii.gz,Task01_BrainTumour,3,3,5,0
MSD/Task01_BrainTumour/labelsTr/BRATS_324.nii.gz,Task01_BrainTumour,3,1,5,0
MSD/Task01_BrainTumour/labelsTr/BRATS_325.nii.gz,Task01_BrainTumour,3,0,5,0
MSD/Task01_BrainTumour/labelsTr/BRATS_326.nii.gz,Task01_BrainTumour,3,4,5,0
MSD/Task01_BrainTumour/labelsTr/BRATS_327.nii.gz,Task01_BrainTumour,3,2,5,0
MSD/Task01_BrainTumour/labelsTr/BRATS_328.nii.gz,Task01_BrainTumour,3,4,5,0
MSD/Task01_BrainTumour/labelsTr/BRATS_329.nii.gz,Task01_BrainTumour,3,2,5,0
MSD/Task01_BrainTumour/labelsTr/BRATS_331.nii.gz,Task01_BrainTumour,3,0,5,0
MSD/Task01_BrainTumour/labelsTr/BRATS_332.nii.gz,Task01_BrainTumour,3,3,5,0
MSD/Task01_BrainTumour/labelsTr/BRATS_333.nii.gz,Task01_BrainTumour,3,3,5,0
MSD/Task01_BrainTumour/labelsTr/BRATS_334.nii.gz,Task01_BrainTumour,3,4,5,0
MSD/Task01_BrainTumour/labelsTr/BRATS_335.nii.gz,Task01_BrainTumour,3,0,5,0
MSD/Task01_BrainTumour/labelsTr/BRATS_336.nii.gz,Task01_BrainTumour,3,0,5,0
MSD/Task01_BrainTumour/labelsTr/BRATS_337.nii.gz,Task01_BrainTumour,3,2,5,0
MSD/Task01_BrainTumour/labelsTr/BRATS_338.nii.gz,Task01_BrainTumour,3,0,5,0
MSD/Task01_BrainTumour/labelsTr/BRATS_340.nii.gz,Task01_BrainTumour,3,0,5,0
MSD/Task01_BrainTumour/labelsTr/BRATS_341.nii.gz,Task01_BrainTumour,3,0,5,0
MSD/Task01_BrainTumour/labelsTr/BRATS_342.nii.gz,Task01_BrainTumour,3,3,5,0
MSD/Task01_BrainTumour/labelsTr/BRATS_343.nii.gz,Task01_BrainTumour,3,3,5,0
MSD/Task01_BrainTumour/labelsTr/BRATS_345.nii.gz,Task01_BrainTumour,3,3,5,0
MSD/Task01_BrainTumour/labelsTr/BRATS_346.nii.gz,Task01_BrainTumour,3,3,5,0
MSD/Task01_BrainTumour/labelsTr/BRATS_347.nii.gz,Task01_BrainTumour,3,4,5,0
MSD/Task01_BrainTumour/labelsTr/BRATS_348.nii.gz,Task01_BrainTumour,3,4,5,0
MSD/Task01_BrainTumour/labelsTr/BRATS_352.nii.gz,Task01_BrainTumour,3,1,5,0
MSD/Task01_BrainTumour/labelsTr/BRATS_353.nii.gz,Task01_BrainTumour,3,2,5,0
MSD/Task01_BrainTumour/labelsTr/BRATS_354.nii.gz,Task01_BrainTumour,3,2,5,0
MSD/Task01_BrainTumour/labelsTr/BRATS_356.nii.gz,Task01_BrainTumour,3,4,5,0
MSD/Task01_BrainTumour/labelsTr/BRATS_357.nii.gz,Task01_BrainTumour,3,4,5,0
MSD/Task01_BrainTumour/labelsTr/BRATS_358.nii.gz,Task01_BrainTumour,3,2,5,0
MSD/Task01_BrainTumour/labelsTr/BRATS_360.nii.gz,Task01_BrainTumour,3,4,5,0
MSD/Task01_BrainTumour/labelsTr/BRATS_362.nii.gz,Task01_BrainTumour,3,3,5,0
MSD/Task01_BrainTumour/labelsTr/BRATS_364.nii.gz,Task01_BrainTumour,3,2,5,0
MSD/Task01_BrainTumour/labelsTr/BRATS_365.nii.gz,Task01_BrainTumour,3,4,5,0
MSD/Task01_BrainTumour/labelsTr/BRATS_366.nii.gz,Task01_BrainTumour,3,4,5,0
MSD/Task01_BrainTumour/labelsTr/BRATS_367.nii.gz,Task01_BrainTumour,3,1,5,0
MSD/Task01_BrainTumour/labelsTr/BRATS_368.nii.gz,Task01_BrainTumour,3,4,5,0
MSD/Task01_BrainTumour/labelsTr/BRATS_369.nii.gz,Task01_BrainTumour,3,0,5,0
MSD/Task01_BrainTumour/labelsTr/BRATS_370.nii.gz,Task01_BrainTumour,3,1,5,0
MSD/Task01_BrainTumour/labelsTr/BRATS_371.nii.gz,Task01_BrainTumour,3,1,5,0
MSD/Task01_BrainTumour/labelsTr/BRATS_374.nii.gz,Task01_BrainTumour,3,3,5,0
MSD/Task01_BrainTumour/labelsTr/BRATS_375.nii.gz,Task01_BrainTumour,3,4,5,0
MSD/Task01_BrainTumour/labelsTr/BRATS_376.nii.gz,Task01_BrainTumour,3,2,5,0
MSD/Task01_BrainTumour/labelsTr/BRATS_377.nii.gz,Task01_BrainTumour,3,4,5,0
MSD/Task01_BrainTumour/labelsTr/BRATS_378.nii.gz,Task01_BrainTumour,3,1,5,0
MSD/Task01_BrainTumour/labelsTr/BRATS_379.nii.gz,Task01_BrainTumour,3,1,5,0
MSD/Task01_BrainTumour/labelsTr/BRATS_380.nii.gz,Task01_BrainTumour,3,4,5,0
MSD/Task01_BrainTumour/labelsTr/BRATS_381.nii.gz,Task01_BrainTumour,3,4,5,0
MSD/Task01_BrainTumour/labelsTr/BRATS_382.nii.gz,Task01_BrainTumour,3,1,5,0
MSD/Task01_BrainTumour/labelsTr/BRATS_383.nii.gz,Task01_BrainTumour,3,2,5,0
MSD/Task01_BrainTumour/labelsTr/BRATS_384.nii.gz,Task01_BrainTumour,3,4,5,0
MSD/Task01_BrainTumour/labelsTr/BRATS_385.nii.gz,Task01_BrainTumour,3,1,5,0
MSD/Task01_BrainTumour/labelsTr/BRATS_386.nii.gz,Task01_BrainTumour,3,2,5,0
MSD/Task01_BrainTumour/labelsTr/BRATS_387.nii.gz,Task01_BrainTumour,3,4,5,0
MSD/Task01_BrainTumour/labelsTr/BRATS_388.nii.gz,Task01_BrainTumour,3,1,5,0
MSD/Task01_BrainTumour/labelsTr/BRATS_390.nii.gz,Task01_BrainTumour,3,3,5,0
MSD/Task01_BrainTumour/labelsTr/BRATS_391.nii.gz,Task01_BrainTumour,3,1,5,0
MSD/Task01_BrainTumour/labelsTr/BRATS_392.nii.gz,Task01_BrainTumour,3,4,5,0
MSD/Task01_BrainTumour/labelsTr/BRATS_393.nii.gz,Task01_BrainTumour,3,4,5,0
MSD/Task01_BrainTumour/labelsTr/BRATS_394.nii.gz,Task01_BrainTumour,3,0,5,0
MSD/Task01_BrainTumour/labelsTr/BRATS_395.nii.gz,Task01_BrainTumour,3,1,5,0
MSD/Task01_BrainTumour/labelsTr/BRATS_396.nii.gz,Task01_BrainTumour,3,2,5,0
MSD/Task01_BrainTumour/labelsTr/BRATS_397.nii.gz,Task01_BrainTumour,3,0,5,0
MSD/Task01_BrainTumour/labelsTr/BRATS_399.nii.gz,Task01_BrainTumour,3,2,5,0
MSD/Task01_BrainTumour/labelsTr/BRATS_400.nii.gz,Task01_BrainTumour,3,4,5,0
MSD/Task01_BrainTumour/labelsTr/BRATS_401.nii.gz,Task01_BrainTumour,3,4,5,0
MSD/Task01_BrainTumour/labelsTr/BRATS_402.nii.gz,Task01_BrainTumour,3,0,5,0
MSD/Task01_BrainTumour/labelsTr/BRATS_403.nii.gz,Task01_BrainTumour,3,0,5,0
MSD/Task01_BrainTumour/labelsTr/BRATS_404.nii.gz,Task01_BrainTumour,3,2,5,0
MSD/Task01_BrainTumour/labelsTr/BRATS_405.nii.gz,Task01_BrainTumour,3,0,5,0
MSD/Task01_BrainTumour/labelsTr/BRATS_406.nii.gz,Task01_BrainTumour,3,4,5,0
MSD/Task01_BrainTumour/labelsTr/BRATS_407.nii.gz,Task01_BrainTumour,3,3,5,0
MSD/Task01_BrainTumour/labelsTr/BRATS_408.nii.gz,Task01_BrainTumour,3,3,5,0
MSD/Task01_BrainTumour/labelsTr/BRATS_410.nii.gz,Task01_BrainTumour,3,4,5,0
MSD/Task01_BrainTumour/labelsTr/BRATS_412.nii.gz,Task01_BrainTumour,3,4,5,0
MSD/Task01_BrainTumour/labelsTr/BRATS_413.nii.gz,Task01_BrainTumour,3,0,5,0
MSD/Task01_BrainTumour/labelsTr/BRATS_414.nii.gz,Task01_BrainTumour,3,0,5,0
MSD/Task01_BrainTumour/labelsTr/BRATS_415.nii.gz,Task01_BrainTumour,3,4,5,0
MSD/Task01_BrainTumour/labelsTr/BRATS_416.nii.gz,Task01_BrainTumour,3,0,5,0
MSD/Task01_BrainTumour/labelsTr/BRATS_417.nii.gz,Task01_BrainTumour,3,0,5,0
MSD/Task01_BrainTumour/labelsTr/BRATS_418.nii.gz,Task01_BrainTumour,3,0,5,0
MSD/Task01_BrainTumour/labelsTr/BRATS_420.nii.gz,Task01_BrainTumour,3,2,5,0
MSD/Task01_BrainTumour/labelsTr/BRATS_421.nii.gz,Task01_BrainTumour,3,3,5,0
MSD/Task01_BrainTumour/labelsTr/BRATS_422.nii.gz,Task01_BrainTumour,3,4,5,0
MSD/Task01_BrainTumour/labelsTr/BRATS_423.nii.gz,Task01_BrainTumour,3,1,5,0
MSD/Task01_BrainTumour/labelsTr/BRATS_424.nii.gz,Task01_BrainTumour,3,1,5,0
MSD/Task01_BrainTumour/labelsTr/BRATS_426.nii.gz,Task01_BrainTumour,3,4,5,0
MSD/Task01_BrainTumour/labelsTr/BRATS_427.nii.gz,Task01_BrainTumour,3,0,5,0
MSD/Task01_BrainTumour/labelsTr/BRATS_428.nii.gz,Task01_BrainTumour,3,2,5,0
MSD/Task01_BrainTumour/labelsTr/BRATS_431.nii.gz,Task01_BrainTumour,3,1,5,0
MSD/Task01_BrainTumour/labelsTr/BRATS_433.nii.gz,Task01_BrainTumour,3,4,5,0
MSD/Task01_BrainTumour/labelsTr/BRATS_434.nii.gz,Task01_BrainTumour,3,2,5,0
MSD/Task01_BrainTumour/labelsTr/BRATS_436.nii.gz,Task01_BrainTumour,3,2,5,0
MSD/Task01_BrainTumour/labelsTr/BRATS_437.nii.gz,Task01_BrainTumour,3,0,5,0
MSD/Task01_BrainTumour/labelsTr/BRATS_438.nii.gz,Task01_BrainTumour,3,1,5,0
MSD/Task01_BrainTumour/labelsTr/BRATS_439.nii.gz,Task01_BrainTumour,3,4,5,0
MSD/Task01_BrainTumour/labelsTr/BRATS_440.nii.gz,Task01_BrainTumour,3,3,5,0
MSD/Task01_BrainTumour/labelsTr/BRATS_442.nii.gz,Task01_BrainTumour,3,0,5,0
MSD/Task01_BrainTumour/labelsTr/BRATS_444.nii.gz,Task01_BrainTumour,3,2,5,0
MSD/Task01_BrainTumour/labelsTr/BRATS_446.nii.gz,Task01_BrainTumour,3,4,5,0
MSD/Task01_BrainTumour/labelsTr/BRATS_448.nii.gz,Task01_BrainTumour,3,1,5,0
MSD/Task01_BrainTumour/labelsTr/BRATS_449.nii.gz,Task01_BrainTumour,3,2,5,0
MSD/Task01_BrainTumour/labelsTr/BRATS_451.nii.gz,Task01_BrainTumour,3,0,5,0
MSD/Task01_BrainTumour/labelsTr/BRATS_452.nii.gz,Task01_BrainTumour,3,4,5,0
MSD/Task01_BrainTumour/labelsTr/BRATS_453.nii.gz,Task01_BrainTumour,3,0,5,0
MSD/Task01_BrainTumour/labelsTr/BRATS_454.nii.gz,Task01_BrainTumour,3,0,5,0
MSD/Task01_BrainTumour/labelsTr/BRATS_455.nii.gz,Task01_BrainTumour,3,0,5,0
MSD/Task01_BrainTumour/labelsTr/BRATS_456.nii.gz,Task01_BrainTumour,3,4,5,0
MSD/Task01_BrainTumour/labelsTr/BRATS_458.nii.gz,Task01_BrainTumour,3,2,5,0
MSD/Task01_BrainTumour/labelsTr/BRATS_459.nii.gz,Task01_BrainTumour,3,3,5,0
MSD/Task01_BrainTumour/labelsTr/BRATS_460.nii.gz,Task01_BrainTumour,3,4,5,0
MSD/Task01_BrainTumour/labelsTr/BRATS_461.nii.gz,Task01_BrainTumour,3,0,5,0
MSD/Task01_BrainTumour/labelsTr/BRATS_462.nii.gz,Task01_BrainTumour,3,4,5,0
MSD/Task01_BrainTumour/labelsTr/BRATS_463.nii.gz,Task01_BrainTumour,3,0,5,0
MSD/Task01_BrainTumour/labelsTr/BRATS_464.nii.gz,Task01_BrainTumour,3,4,5,0
MSD/Task01_BrainTumour/labelsTr/BRATS_465.nii.gz,Task01_BrainTumour,3,2,5,0
MSD/Task01_BrainTumour/labelsTr/BRATS_466.nii.gz,Task01_BrainTumour,3,0,5,0
MSD/Task01_BrainTumour/labelsTr/BRATS_467.nii.gz,Task01_BrainTumour,3,4,5,0
MSD/Task01_BrainTumour/labelsTr/BRATS_468.nii.gz,Task01_BrainTumour,3,4,5,0
MSD/Task01_BrainTumour/labelsTr/BRATS_469.nii.gz,Task01_BrainTumour,3,4,5,0
MSD/Task01_BrainTumour/labelsTr/BRATS_470.nii.gz,Task01_BrainTumour,3,0,5,0
MSD/Task01_BrainTumour/labelsTr/BRATS_471.nii.gz,Task01_BrainTumour,3,2,5,0
MSD/Task01_BrainTumour/labelsTr/BRATS_472.nii.gz,Task01_BrainTumour,3,0,5,0
MSD/Task01_BrainTumour/labelsTr/BRATS_473.nii.gz,Task01_BrainTumour,3,4,5,0
MSD/Task01_BrainTumour/labelsTr/BRATS_474.nii.gz,Task01_BrainTumour,3,3,5,0
MSD/Task01_BrainTumour/labelsTr/BRATS_475.nii.gz,Task01_BrainTumour,3,4,5,0
MSD/Task01_BrainTumour/labelsTr/BRATS_476.nii.gz,Task01_BrainTumour,3,4,5,0
MSD/Task01_BrainTumour/labelsTr/BRATS_477.nii.gz,Task01_BrainTumour,3,1,5,0
MSD/Task01_BrainTumour/labelsTr/BRATS_478.nii.gz,Task01_BrainTumour,3,3,5,0
MSD/Task01_BrainTumour/labelsTr/BRATS_479.nii.gz,Task01_BrainTumour,3,1,5,0
MSD/Task01_BrainTumour/labelsTr/BRATS_480.nii.gz,Task01_BrainTumour,3,2,5,0
MSD/Task01_BrainTumour/labelsTr/BRATS_481.nii.gz,Task01_BrainTumour,3,2,5,0
MSD/Task01_BrainTumour/labelsTr/BRATS_482.nii.gz,Task01_BrainTumour,3,3,5,0
MSD/Task01_BrainTumour/labelsTr/BRATS_483.nii.gz,Task01_BrainTumour,3,4,5,0
MSD/Task01_BrainTumour/labelsTr/BRATS_484.nii.gz,Task01_BrainTumour,3,4,5,0
MSD/Task02_Heart/labelsTr/la_003.nii.gz,Task02_Heart,1,3,5,0
MSD/Task02_Heart/labelsTr/la_004.nii.gz,Task02_Heart,1,2,5,0
MSD/Task02_Heart/labelsTr/la_005.nii.gz,Task02_Heart,1,4,5,0
MSD/Task02_Heart/labelsTr/la_009.nii.gz,Task02_Heart,1,0,5,0
MSD/Task02_Heart/labelsTr/la_010.nii.gz,Task02_Heart,1,1,5,0
MSD/Task02_Heart/labelsTr/la_014.nii.gz,Task02_Heart,1,4,5,0
MSD/Task02_Heart/labelsTr/la_016.nii.gz,Task02_Heart,1,0,5,0
MSD/Task02_Heart/labelsTr/la_017.nii.gz,Task02_Heart,1,1,5,0
MSD/Task02_Heart/labelsTr/la_018.nii.gz,Task02_Heart,1,2,5,0
MSD/Task02_Heart/labelsTr/la_019.nii.gz,Task02_Heart,1,0,5,0
MSD/Task02_Heart/labelsTr/la_020.nii.gz,Task02_Heart,1,2,5,0
MSD/Task02_Heart/labelsTr/la_021.nii.gz,Task02_Heart,1,2,5,0
MSD/Task02_Heart/labelsTr/la_022.nii.gz,Task02_Heart,1,4,5,0
MSD/Task02_Heart/labelsTr/la_024.nii.gz,Task02_Heart,1,3,5,0
MSD/Task02_Heart/labelsTr/la_026.nii.gz,Task02_Heart,1,3,5,0
MSD/Task02_Heart/labelsTr/la_029.nii.gz,Task02_Heart,1,1,5,0
MSD/Task03_Liver/labelsTr/liver_0.nii.gz,Task03_Liver,2,4,5,0
MSD/Task03_Liver/labelsTr/liver_1.nii.gz,Task03_Liver,2,1,5,0
MSD/Task03_Liver/labelsTr/liver_10.nii.gz,Task03_Liver,2,0,5,0
MSD/Task03_Liver/labelsTr/liver_100.nii.gz,Task03_Liver,2,4,5,0
MSD/Task03_Liver/labelsTr/liver_101.nii.gz,Task03_Liver,2,3,5,0
MSD/Task03_Liver/labelsTr/liver_102.nii.gz,Task03_Liver,2,4,5,0
MSD/Task03_Liver/labelsTr/liver_104.nii.gz,Task03_Liver,2,2,5,0
MSD/Task03_Liver/labelsTr/liver_106.nii.gz,Task03_Liver,1,4,5,0
MSD/Task03_Liver/labelsTr/liver_107.nii.gz,Task03_Liver,2,2,5,0
MSD/Task03_Liver/labelsTr/liver_108.nii.gz,Task03_Liver,2,1,5,0
MSD/Task03_Liver/labelsTr/liver_109.nii.gz,Task03_Liver,2,0,5,0
MSD/Task03_Liver/labelsTr/liver_11.nii.gz,Task03_Liver,2,1,5,0
MSD/Task03_Liver/labelsTr/liver_110.nii.gz,Task03_Liver,2,2,5,0
MSD/Task03_Liver/labelsTr/liver_111.nii.gz,Task03_Liver,2,2,5,0
MSD/Task03_Liver/labelsTr/liver_112.nii.gz,Task03_Liver,2,3,5,0
MSD/Task03_Liver/labelsTr/liver_113.nii.gz,Task03_Liver,2,0,5,0
MSD/Task03_Liver/labelsTr/liver_114.nii.gz,Task03_Liver,1,1,5,0
MSD/Task03_Liver/labelsTr/liver_115.nii.gz,Task03_Liver,1,1,5,0
MSD/Task03_Liver/labelsTr/liver_117.nii.gz,Task03_Liver,2,4,5,0
MSD/Task03_Liver/labelsTr/liver_118.nii.gz,Task03_Liver,2,0,5,0
MSD/Task03_Liver/labelsTr/liver_119.nii.gz,Task03_Liver,1,0,5,0
MSD/Task03_Liver/labelsTr/liver_12.nii.gz,Task03_Liver,2,4,5,0
MSD/Task03_Liver/labelsTr/liver_120.nii.gz,Task03_Liver,2,1,5,0
MSD/Task03_Liver/labelsTr/liver_121.nii.gz,Task03_Liver,2,1,5,0
MSD/Task03_Liver/labelsTr/liver_122.nii.gz,Task03_Liver,2,2,5,0
MSD/Task03_Liver/labelsTr/liver_123.nii.gz,Task03_Liver,2,0,5,0
MSD/Task03_Liver/labelsTr/liver_124.nii.gz,Task03_Liver,2,4,5,0
MSD/Task03_Liver/labelsTr/liver_126.nii.gz,Task03_Liver,2,0,5,0
MSD/Task03_Liver/labelsTr/liver_128.nii.gz,Task03_Liver,2,3,5,0
MSD/Task03_Liver/labelsTr/liver_129.nii.gz,Task03_Liver,2,1,5,0
MSD/Task03_Liver/labelsTr/liver_13.nii.gz,Task03_Liver,2,1,5,0
MSD/Task03_Liver/labelsTr/liver_130.nii.gz,Task03_Liver,2,3,5,0
MSD/Task03_Liver/labelsTr/liver_14.nii.gz,Task03_Liver,2,3,5,0
MSD/Task03_Liver/labelsTr/liver_15.nii.gz,Task03_Liver,2,0,5,0
MSD/Task03_Liver/labelsTr/liver_16.nii.gz,Task03_Liver,2,2,5,0
MSD/Task03_Liver/labelsTr/liver_17.nii.gz,Task03_Liver,2,4,5,0
MSD/Task03_Liver/labelsTr/liver_18.nii.gz,Task03_Liver,2,0,5,0
MSD/Task03_Liver/labelsTr/liver_19.nii.gz,Task03_Liver,2,3,5,0
MSD/Task03_Liver/labelsTr/liver_2.nii.gz,Task03_Liver,2,3,5,0
MSD/Task03_Liver/labelsTr/liver_20.nii.gz,Task03_Liver,2,2,5,0
MSD/Task03_Liver/labelsTr/liver_21.nii.gz,Task03_Liver,2,0,5,0
MSD/Task03_Liver/labelsTr/liver_23.nii.gz,Task03_Liver,2,4,5,0
MSD/Task03_Liver/labelsTr/liver_24.nii.gz,Task03_Liver,2,2,5,0
MSD/Task03_Liver/labelsTr/liver_26.nii.gz,Task03_Liver,2,3,5,0
MSD/Task03_Liver/labelsTr/liver_27.nii.gz,Task03_Liver,2,3,5,0
MSD/Task03_Liver/labelsTr/liver_28.nii.gz,Task03_Liver,2,1,5,0
MSD/Task03_Liver/labelsTr/liver_29.nii.gz,Task03_Liver,2,3,5,0
MSD/Task03_Liver/labelsTr/liver_3.nii.gz,Task03_Liver,2,2,5,0
MSD/Task03_Liver/labelsTr/liver_31.nii.gz,Task03_Liver,2,3,5,0
MSD/Task03_Liver/labelsTr/liver_33.nii.gz,Task03_Liver,2,4,5,0
MSD/Task03_Liver/labelsTr/liver_35.nii.gz,Task03_Liver,2,3,5,0
MSD/Task03_Liver/labelsTr/liver_36.nii.gz,Task03_Liver,2,4,5,0
MSD/Task03_Liver/labelsTr/liver_37.nii.gz,Task03_Liver,2,4,5,0
MSD/Task03_Liver/labelsTr/liver_38.nii.gz,Task03_Liver,1,3,5,0
MSD/Task03_Liver/labelsTr/liver_4.nii.gz,Task03_Liver,2,4,5,0
MSD/Task03_Liver/labelsTr/liver_40.nii.gz,Task03_Liver,2,2,5,0
MSD/Task03_Liver/labelsTr/liver_41.nii.gz,Task03_Liver,1,0,5,0
MSD/Task03_Liver/labelsTr/liver_42.nii.gz,Task03_Liver,2,2,5,0
MSD/Task03_Liver/labelsTr/liver_43.nii.gz,Task03_Liver,2,2,5,0
MSD/Task03_Liver/labelsTr/liver_44.nii.gz,Task03_Liver,2,4,5,0
MSD/Task03_Liver/labelsTr/liver_45.nii.gz,Task03_Liver,2,2,5,0
MSD/Task03_Liver/labelsTr/liver_46.nii.gz,Task03_Liver,2,4,5,0
MSD/Task03_Liver/labelsTr/liver_47.nii.gz,Task03_Liver,1,1,5,0
MSD/Task03_Liver/labelsTr/liver_48.nii.gz,Task03_Liver,2,0,5,0
MSD/Task03_Liver/labelsTr/liver_49.nii.gz,Task03_Liver,2,0,5,0
MSD/Task03_Liver/labelsTr/liver_5.nii.gz,Task03_Liver,2,0,5,0
MSD/Task03_Liver/labelsTr/liver_52.nii.gz,Task03_Liver,2,2,5,0
MSD/Task03_Liver/labelsTr/liver_53.nii.gz,Task03_Liver,2,1,5,0
MSD/Task03_Liver/labelsTr/liver_54.nii.gz,Task03_Liver,2,4,5,0
MSD/Task03_Liver/labelsTr/liver_55.nii.gz,Task03_Liver,2,0,5,0
MSD/Task03_Liver/labelsTr/liver_56.nii.gz,Task03_Liver,2,2,5,0
MSD/Task03_Liver/labelsTr/liver_57.nii.gz,Task03_Liver,2,0,5,0
MSD/Task03_Liver/labelsTr/liver_58.nii.gz,Task03_Liver,2,3,5,0
MSD/Task03_Liver/labelsTr/liver_59.nii.gz,Task03_Liver,2,1,5,0
MSD/Task03_Liver/labelsTr/liver_6.nii.gz,Task03_Liver,2,3,5,0
MSD/Task03_Liver/labelsTr/liver_62.nii.gz,Task03_Liver,2,0,5,0
MSD/Task03_Liver/labelsTr/liver_63.nii.gz,Task03_Liver,2,4,5,0
MSD/Task03_Liver/labelsTr/liver_64.nii.gz,Task03_Liver,2,1,5,0
MSD/Task03_Liver/labelsTr/liver_65.nii.gz,Task03_Liver,2,4,5,0
MSD/Task03_Liver/labelsTr/liver_66.nii.gz,Task03_Liver,2,2,5,0
MSD/Task03_Liver/labelsTr/liver_67.nii.gz,Task03_Liver,2,2,5,0
MSD/Task03_Liver/labelsTr/liver_68.nii.gz,Task03_Liver,2,0,5,0
MSD/Task03_Liver/labelsTr/liver_69.nii.gz,Task03_Liver,2,1,5,0
MSD/Task03_Liver/labelsTr/liver_7.nii.gz,Task03_Liver,2,4,5,0
MSD/Task03_Liver/labelsTr/liver_73.nii.gz,Task03_Liver,2,3,5,0
MSD/Task03_Liver/labelsTr/liver_74.nii.gz,Task03_Liver,2,3,5,0
MSD/Task03_Liver/labelsTr/liver_75.nii.gz,Task03_Liver,2,0,5,0
MSD/Task03_Liver/labelsTr/liver_77.nii.gz,Task03_Liver,2,4,5,0
MSD/Task03_Liver/labelsTr/liver_79.nii.gz,Task03_Liver,2,2,5,0
MSD/Task03_Liver/labelsTr/liver_8.nii.gz,Task03_Liver,2,1,5,0
MSD/Task03_Liver/labelsTr/liver_80.nii.gz,Task03_Liver,2,1,5,0
MSD/Task03_Liver/labelsTr/liver_81.nii.gz,Task03_Liver,2,1,5,0
MSD/Task03_Liver/labelsTr/liver_82.nii.gz,Task03_Liver,2,0,5,0
MSD/Task03_Liver/labelsTr/liver_84.nii.gz,Task03_Liver,2,2,5,0
MSD/Task03_Liver/labelsTr/liver_85.nii.gz,Task03_Liver,2,3,5,0
MSD/Task03_Liver/labelsTr/liver_86.nii.gz,Task03_Liver,2,2,5,0
MSD/Task03_Liver/labelsTr/liver_87.nii.gz,Task03_Liver,1,4,5,0
MSD/Task03_Liver/labelsTr/liver_89.nii.gz,Task03_Liver,1,2,5,0
MSD/Task03_Liver/labelsTr/liver_91.nii.gz,Task03_Liver,1,1,5,0
MSD/Task03_Liver/labelsTr/liver_93.nii.gz,Task03_Liver,2,3,5,0
MSD/Task03_Liver/labelsTr/liver_94.nii.gz,Task03_Liver,2,1,5,0
MSD/Task03_Liver/labelsTr/liver_97.nii.gz,Task03_Liver,2,1,5,0
MSD/Task03_Liver/labelsTr/liver_98.nii.gz,Task03_Liver,2,3,5,0
MSD/Task03_Liver/labelsTr/liver_99.nii.gz,Task03_Liver,2,0,5,0
MSD/Task04_Hippocampus/labelsTr/hippocampus_001.nii.gz,Task04_Hippocampus,2,0,5,0
MSD/Task04_Hippocampus/labelsTr/hippocampus_003.nii.gz,Task04_Hippocampus,2,4,5,0
MSD/Task04_Hippocampus/labelsTr/hippocampus_004.nii.gz,Task04_Hippocampus,2,4,5,0
MSD/Task04_Hippocampus/labelsTr/hippocampus_006.nii.gz,Task04_Hippocampus,2,4,5,0
MSD/Task04_Hippocampus/labelsTr/hippocampus_007.nii.gz,Task04_Hippocampus,2,3,5,0
MSD/Task04_Hippocampus/labelsTr/hippocampus_008.nii.gz,Task04_Hippocampus,2,3,5,0
MSD/Task04_Hippocampus/labelsTr/hippocampus_011.nii.gz,Task04_Hippocampus,2,1,5,0
MSD/Task04_Hippocampus/labelsTr/hippocampus_014.nii.gz,Task04_Hippocampus,2,3,5,0
MSD/Task04_Hippocampus/labelsTr/hippocampus_015.nii.gz,Task04_Hippocampus,2,4,5,0
MSD/Task04_Hippocampus/labelsTr/hippocampus_017.nii.gz,Task04_Hippocampus,2,1,5,0
MSD/Task04_Hippocampus/labelsTr/hippocampus_019.nii.gz,Task04_Hippocampus,2,0,5,0
MSD/Task04_Hippocampus/labelsTr/hippocampus_020.nii.gz,Task04_Hippocampus,2,3,5,0
MSD/Task04_Hippocampus/labelsTr/hippocampus_023.nii.gz,Task04_Hippocampus,2,3,5,0
MSD/Task04_Hippocampus/labelsTr/hippocampus_024.nii.gz,Task04_Hippocampus,2,4,5,0
MSD/Task04_Hippocampus/labelsTr/hippocampus_025.nii.gz,Task04_Hippocampus,2,3,5,0
MSD/Task04_Hippocampus/labelsTr/hippocampus_026.nii.gz,Task04_Hippocampus,2,3,5,0
MSD/Task04_Hippocampus/labelsTr/hippocampus_033.nii.gz,Task04_Hippocampus,2,3,5,0
MSD/Task04_Hippocampus/labelsTr/hippocampus_034.nii.gz,Task04_Hippocampus,2,4,5,0
MSD/Task04_Hippocampus/labelsTr/hippocampus_035.nii.gz,Task04_Hippocampus,2,1,5,0
MSD/Task04_Hippocampus/labelsTr/hippocampus_036.nii.gz,Task04_Hippocampus,2,1,5,0
MSD/Task04_Hippocampus/labelsTr/hippocampus_037.nii.gz,Task04_Hippocampus,2,4,5,0
MSD/Task04_Hippocampus/labelsTr/hippocampus_039.nii.gz,Task04_Hippocampus,2,3,5,0
MSD/Task04_Hippocampus/labelsTr/hippocampus_040.nii.gz,Task04_Hippocampus,2,1,5,0
MSD/Task04_Hippocampus/labelsTr/hippocampus_041.nii.gz,Task04_Hippocampus,2,2,5,0
MSD/Task04_Hippocampus/labelsTr/hippocampus_042.nii.gz,Task04_Hippocampus,2,3,5,0
MSD/Task04_Hippocampus/labelsTr/hippocampus_044.nii.gz,Task04_Hippocampus,2,2,5,0
MSD/Task04_Hippocampus/labelsTr/hippocampus_045.nii.gz,Task04_Hippocampus,2,2,5,0
MSD/Task04_Hippocampus/labelsTr/hippocampus_046.nii.gz,Task04_Hippocampus,2,2,5,0
MSD/Task04_Hippocampus/labelsTr/hippocampus_049.nii.gz,Task04_Hippocampus,2,2,5,0
MSD/Task04_Hippocampus/labelsTr/hippocampus_050.nii.gz,Task04_Hippocampus,2,0,5,0
MSD/Task04_Hippocampus/labelsTr/hippocampus_051.nii.gz,Task04_Hippocampus,2,3,5,0
MSD/Task04_Hippocampus/labelsTr/hippocampus_052.nii.gz,Task04_Hippocampus,2,3,5,0
MSD/Task04_Hippocampus/labelsTr/hippocampus_053.nii.gz,Task04_Hippocampus,2,4,5,0
MSD/Task04_Hippocampus/labelsTr/hippocampus_056.nii.gz,Task04_Hippocampus,2,2,5,0
MSD/Task04_Hippocampus/labelsTr/hippocampus_057.nii.gz,Task04_Hippocampus,2,1,5,0
MSD/Task04_Hippocampus/labelsTr/hippocampus_058.nii.gz,Task04_Hippocampus,2,1,5,0
MSD/Task04_Hippocampus/labelsTr/hippocampus_064.nii.gz,Task04_Hippocampus,2,1,5,0
MSD/Task04_Hippocampus/labelsTr/hippocampus_065.nii.gz,Task04_Hippocampus,2,4,5,0
MSD/Task04_Hippocampus/labelsTr/hippocampus_067.nii.gz,Task04_Hippocampus,2,1,5,0
MSD/Task04_Hippocampus/labelsTr/hippocampus_068.nii.gz,Task04_Hippocampus,2,3,5,0
MSD/Task04_Hippocampus/labelsTr/hippocampus_070.nii.gz,Task04_Hippocampus,2,4,5,0
MSD/Task04_Hippocampus/labelsTr/hippocampus_075.nii.gz,Task04_Hippocampus,2,2,5,0
MSD/Task04_Hippocampus/labelsTr/hippocampus_087.nii.gz,Task04_Hippocampus,2,4,5,0
MSD/Task04_Hippocampus/labelsTr/hippocampus_088.nii.gz,Task04_Hippocampus,2,1,5,0
MSD/Task04_Hippocampus/labelsTr/hippocampus_089.nii.gz,Task04_Hippocampus,2,2,5,0
MSD/Task04_Hippocampus/labelsTr/hippocampus_090.nii.gz,Task04_Hippocampus,2,2,5,0
MSD/Task04_Hippocampus/labelsTr/hippocampus_092.nii.gz,Task04_Hippocampus,2,0,5,0
MSD/Task04_Hippocampus/labelsTr/hippocampus_093.nii.gz,Task04_Hippocampus,2,0,5,0
MSD/Task04_Hippocampus/labelsTr/hippocampus_094.nii.gz,Task04_Hippocampus,2,3,5,0
MSD/Task04_Hippocampus/labelsTr/hippocampus_095.nii.gz,Task04_Hippocampus,2,0,5,0
MSD/Task04_Hippocampus/labelsTr/hippocampus_097.nii.gz,Task04_Hippocampus,2,4,5,0
MSD/Task04_Hippocampus/labelsTr/hippocampus_098.nii.gz,Task04_Hippocampus,2,4,5,0
MSD/Task04_Hippocampus/labelsTr/hippocampus_099.nii.gz,Task04_Hippocampus,2,2,5,0
MSD/Task04_Hippocampus/labelsTr/hippocampus_101.nii.gz,Task04_Hippocampus,2,4,5,0
MSD/Task04_Hippocampus/labelsTr/hippocampus_102.nii.gz,Task04_Hippocampus,2,1,5,0
MSD/Task04_Hippocampus/labelsTr/hippocampus_104.nii.gz,Task04_Hippocampus,2,3,5,0
MSD/Task04_Hippocampus/labelsTr/hippocampus_106.nii.gz,Task04_Hippocampus,2,0,5,0
MSD/Task04_Hippocampus/labelsTr/hippocampus_107.nii.gz,Task04_Hippocampus,2,0,5,0
MSD/Task04_Hippocampus/labelsTr/hippocampus_108.nii.gz,Task04_Hippocampus,2,0,5,0
MSD/Task04_Hippocampus/labelsTr/hippocampus_109.nii.gz,Task04_Hippocampus,2,2,5,0
MSD/Task04_Hippocampus/labelsTr/hippocampus_114.nii.gz,Task04_Hippocampus,2,4,5,0
MSD/Task04_Hippocampus/labelsTr/hippocampus_123.nii.gz,Task04_Hippocampus,2,3,5,0
MSD/Task04_Hippocampus/labelsTr/hippocampus_124.nii.gz,Task04_Hippocampus,2,3,5,0
MSD/Task04_Hippocampus/labelsTr/hippocampus_130.nii.gz,Task04_Hippocampus,2,2,5,0
MSD/Task04_Hippocampus/labelsTr/hippocampus_132.nii.gz,Task04_Hippocampus,2,3,5,0
MSD/Task04_Hippocampus/labelsTr/hippocampus_133.nii.gz,Task04_Hippocampus,2,0,5,0
MSD/Task04_Hippocampus/labelsTr/hippocampus_136.nii.gz,Task04_Hippocampus,2,3,5,0
MSD/Task04_Hippocampus/labelsTr/hippocampus_141.nii.gz,Task04_Hippocampus,2,0,5,0
MSD/Task04_Hippocampus/labelsTr/hippocampus_143.nii.gz,Task04_Hippocampus,2,2,5,0
MSD/Task04_Hippocampus/labelsTr/hippocampus_144.nii.gz,Task04_Hippocampus,2,3,5,0
MSD/Task04_Hippocampus/labelsTr/hippocampus_146.nii.gz,Task04_Hippocampus,2,2,5,0
MSD/Task04_Hippocampus/labelsTr/hippocampus_148.nii.gz,Task04_Hippocampus,2,3,5,0
MSD/Task04_Hippocampus/labelsTr/hippocampus_149.nii.gz,Task04_Hippocampus,2,3,5,0
MSD/Task04_Hippocampus/labelsTr/hippocampus_150.nii.gz,Task04_Hippocampus,2,4,5,0
MSD/Task04_Hippocampus/labelsTr/hippocampus_154.nii.gz,Task04_Hippocampus,2,1,5,0
MSD/Task04_Hippocampus/labelsTr/hippocampus_155.nii.gz,Task04_Hippocampus,2,1,5,0
MSD/Task04_Hippocampus/labelsTr/hippocampus_157.nii.gz,Task04_Hippocampus,2,0,5,0
MSD/Task04_Hippocampus/labelsTr/hippocampus_158.nii.gz,Task04_Hippocampus,2,3,5,0
MSD/Task04_Hippocampus/labelsTr/hippocampus_160.nii.gz,Task04_Hippocampus,2,4,5,0
MSD/Task04_Hippocampus/labelsTr/hippocampus_161.nii.gz,Task04_Hippocampus,2,4,5,0
MSD/Task04_Hippocampus/labelsTr/hippocampus_162.nii.gz,Task04_Hippocampus,2,0,5,0
MSD/Task04_Hippocampus/labelsTr/hippocampus_163.nii.gz,Task04_Hippocampus,2,1,5,0
MSD/Task04_Hippocampus/labelsTr/hippocampus_164.nii.gz,Task04_Hippocampus,2,2,5,0
MSD/Task04_Hippocampus/labelsTr/hippocampus_165.nii.gz,Task04_Hippocampus,2,3,5,0
MSD/Task04_Hippocampus/labelsTr/hippocampus_166.nii.gz,Task04_Hippocampus,2,0,5,0
MSD/Task04_Hippocampus/labelsTr/hippocampus_169.nii.gz,Task04_Hippocampus,2,4,5,0
MSD/Task04_Hippocampus/labelsTr/hippocampus_170.nii.gz,Task04_Hippocampus,2,2,5,0
MSD/Task04_Hippocampus/labelsTr/hippocampus_171.nii.gz,Task04_Hippocampus,2,0,5,0
MSD/Task04_Hippocampus/labelsTr/hippocampus_172.nii.gz,Task04_Hippocampus,2,4,5,0
MSD/Task04_Hippocampus/labelsTr/hippocampus_173.nii.gz,Task04_Hippocampus,2,3,5,0
MSD/Task04_Hippocampus/labelsTr/hippocampus_174.nii.gz,Task04_Hippocampus,2,0,5,0
MSD/Task04_Hippocampus/labelsTr/hippocampus_175.nii.gz,Task04_Hippocampus,2,4,5,0
MSD/Task04_Hippocampus/labelsTr/hippocampus_176.nii.gz,Task04_Hippocampus,2,3,5,0
MSD/Task04_Hippocampus/labelsTr/hippocampus_177.nii.gz,Task04_Hippocampus,2,1,5,0
MSD/Task04_Hippocampus/labelsTr/hippocampus_178.nii.gz,Task04_Hippocampus,2,1,5,0
MSD/Task04_Hippocampus/labelsTr/hippocampus_180.nii.gz,Task04_Hippocampus,2,2,5,0
MSD/Task04_Hippocampus/labelsTr/hippocampus_181.nii.gz,Task04_Hippocampus,2,2,5,0
MSD/Task04_Hippocampus/labelsTr/hippocampus_184.nii.gz,Task04_Hippocampus,2,3,5,0
MSD/Task04_Hippocampus/labelsTr/hippocampus_185.nii.gz,Task04_Hippocampus,2,0,5,0
MSD/Task04_Hippocampus/labelsTr/hippocampus_188.nii.gz,Task04_Hippocampus,2,1,5,0
MSD/Task04_Hippocampus/labelsTr/hippocampus_189.nii.gz,Task04_Hippocampus,2,0,5,0
MSD/Task04_Hippocampus/labelsTr/hippocampus_190.nii.gz,Task04_Hippocampus,2,1,5,0
MSD/Task04_Hippocampus/labelsTr/hippocampus_194.nii.gz,Task04_Hippocampus,2,1,5,0
MSD/Task04_Hippocampus/labelsTr/hippocampus_195.nii.gz,Task04_Hippocampus,2,1,5,0
MSD/Task04_Hippocampus/labelsTr/hippocampus_199.nii.gz,Task04_Hippocampus,2,2,5,0
MSD/Task04_Hippocampus/labelsTr/hippocampus_203.nii.gz,Task04_Hippocampus,2,0,5,0
MSD/Task04_Hippocampus/labelsTr/hippocampus_205.nii.gz,Task04_Hippocampus,2,2,5,0
MSD/Task04_Hippocampus/labelsTr/hippocampus_210.nii.gz,Task04_Hippocampus,2,1,5,0
MSD/Task04_Hippocampus/labelsTr/hippocampus_212.nii.gz,Task04_Hippocampus,2,1,5,0
MSD/Task04_Hippocampus/labelsTr/hippocampus_215.nii.gz,Task04_Hippocampus,2,1,5,0
MSD/Task04_Hippocampus/labelsTr/hippocampus_216.nii.gz,Task04_Hippocampus,2,4,5,0
MSD/Task04_Hippocampus/labelsTr/hippocampus_219.nii.gz,Task04_Hippocampus,2,0,5,0
MSD/Task04_Hippocampus/labelsTr/hippocampus_220.nii.gz,Task04_Hippocampus,2,1,5,0
MSD/Task04_Hippocampus/labelsTr/hippocampus_222.nii.gz,Task04_Hippocampus,2,2,5,0
MSD/Task04_Hippocampus/labelsTr/hippocampus_223.nii.gz,Task04_Hippocampus,2,4,5,0
MSD/Task04_Hippocampus/labelsTr/hippocampus_224.nii.gz,Task04_Hippocampus,2,3,5,0
MSD/Task04_Hippocampus/labelsTr/hippocampus_225.nii.gz,Task04_Hippocampus,2,0,5,0
MSD/Task04_Hippocampus/labelsTr/hippocampus_226.nii.gz,Task04_Hippocampus,2,1,5,0
MSD/Task04_Hippocampus/labelsTr/hippocampus_227.nii.gz,Task04_Hippocampus,2,4,5,0
MSD/Task04_Hippocampus/labelsTr/hippocampus_228.nii.gz,Task04_Hippocampus,2,2,5,0
MSD/Task04_Hippocampus/labelsTr/hippocampus_229.nii.gz,Task04_Hippocampus,2,4,5,0
MSD/Task04_Hippocampus/labelsTr/hippocampus_230.nii.gz,Task04_Hippocampus,2,0,5,0
MSD/Task04_Hippocampus/labelsTr/hippocampus_231.nii.gz,Task04_Hippocampus,2,1,5,0
MSD/Task04_Hippocampus/labelsTr/hippocampus_232.nii.gz,Task04_Hippocampus,2,1,5,0
MSD/Task04_Hippocampus/labelsTr/hippocampus_234.nii.gz,Task04_Hippocampus,2,3,5,0
MSD/Task04_Hippocampus/labelsTr/hippocampus_235.nii.gz,Task04_Hippocampus,2,4,5,0
MSD/Task04_Hippocampus/labelsTr/hippocampus_238.nii.gz,Task04_Hippocampus,2,0,5,0
MSD/Task04_Hippocampus/labelsTr/hippocampus_242.nii.gz,Task04_Hippocampus,2,0,5,0
MSD/Task04_Hippocampus/labelsTr/hippocampus_243.nii.gz,Task04_Hippocampus,2,3,5,0
MSD/Task04_Hippocampus/labelsTr/hippocampus_244.nii.gz,Task04_Hippocampus,2,0,5,0
MSD/Task04_Hippocampus/labelsTr/hippocampus_248.nii.gz,Task04_Hippocampus,2,2,5,0
MSD/Task04_Hippocampus/labelsTr/hippocampus_250.nii.gz,Task04_Hippocampus,2,2,5,0
MSD/Task04_Hippocampus/labelsTr/hippocampus_251.nii.gz,Task04_Hippocampus,2,1,5,0
MSD/Task04_Hippocampus/labelsTr/hippocampus_252.nii.gz,Task04_Hippocampus,2,4,5,0
MSD/Task04_Hippocampus/labelsTr/hippocampus_253.nii.gz,Task04_Hippocampus,2,1,5,0
MSD/Task04_Hippocampus/labelsTr/hippocampus_259.nii.gz,Task04_Hippocampus,2,3,5,0
MSD/Task04_Hippocampus/labelsTr/hippocampus_260.nii.gz,Task04_Hippocampus,2,2,5,0
MSD/Task04_Hippocampus/labelsTr/hippocampus_261.nii.gz,Task04_Hippocampus,2,4,5,0
MSD/Task04_Hippocampus/labelsTr/hippocampus_263.nii.gz,Task04_Hippocampus,2,2,5,0
MSD/Task04_Hippocampus/labelsTr/hippocampus_264.nii.gz,Task04_Hippocampus,2,2,5,0
MSD/Task04_Hippocampus/labelsTr/hippocampus_265.nii.gz,Task04_Hippocampus,2,2,5,0
MSD/Task04_Hippocampus/labelsTr/hippocampus_268.nii.gz,Task04_Hippocampus,2,0,5,0
MSD/Task04_Hippocampus/labelsTr/hippocampus_269.nii.gz,Task04_Hippocampus,2,3,5,0
MSD/Task04_Hippocampus/labelsTr/hippocampus_274.nii.gz,Task04_Hippocampus,2,2,5,0
MSD/Task04_Hippocampus/labelsTr/hippocampus_276.nii.gz,Task04_Hippocampus,2,4,5,0
MSD/Task04_Hippocampus/labelsTr/hippocampus_277.nii.gz,Task04_Hippocampus,2,2,5,0
MSD/Task04_Hippocampus/labelsTr/hippocampus_279.nii.gz,Task04_Hippocampus,2,4,5,0
MSD/Task04_Hippocampus/labelsTr/hippocampus_280.nii.gz,Task04_Hippocampus,2,1,5,0
MSD/Task04_Hippocampus/labelsTr/hippocampus_282.nii.gz,Task04_Hippocampus,2,2,5,0
MSD/Task04_Hippocampus/labelsTr/hippocampus_286.nii.gz,Task04_Hippocampus,2,2,5,0
MSD/Task04_Hippocampus/labelsTr/hippocampus_287.nii.gz,Task04_Hippocampus,2,2,5,0
MSD/Task04_Hippocampus/labelsTr/hippocampus_288.nii.gz,Task04_Hippocampus,2,0,5,0
MSD/Task04_Hippocampus/labelsTr/hippocampus_290.nii.gz,Task04_Hippocampus,2,1,5,0
MSD/Task04_Hippocampus/labelsTr/hippocampus_295.nii.gz,Task04_Hippocampus,2,0,5,0
MSD/Task04_Hippocampus/labelsTr/hippocampus_296.nii.gz,Task04_Hippocampus,2,1,5,0
MSD/Task04_Hippocampus/labelsTr/hippocampus_297.nii.gz,Task04_Hippocampus,2,4,5,0
MSD/Task04_Hippocampus/labelsTr/hippocampus_299.nii.gz,Task04_Hippocampus,2,3,5,0
MSD/Task04_Hippocampus/labelsTr/hippocampus_300.nii.gz,Task04_Hippocampus,2,4,5,0
MSD/Task04_Hippocampus/labelsTr/hippocampus_301.nii.gz,Task04_Hippocampus,2,0,5,0
MSD/Task04_Hippocampus/labelsTr/hippocampus_302.nii.gz,Task04_Hippocampus,2,3,5,0
MSD/Task04_Hippocampus/labelsTr/hippocampus_304.nii.gz,Task04_Hippocampus,2,1,5,0
MSD/Task04_Hippocampus/labelsTr/hippocampus_305.nii.gz,Task04_Hippocampus,2,3,5,0
MSD/Task04_Hippocampus/labelsTr/hippocampus_308.nii.gz,Task04_Hippocampus,2,0,5,0
MSD/Task04_Hippocampus/labelsTr/hippocampus_309.nii.gz,Task04_Hippocampus,2,3,5,0
MSD/Task04_Hippocampus/labelsTr/hippocampus_310.nii.gz,Task04_Hippocampus,2,2,5,0
MSD/Task04_Hippocampus/labelsTr/hippocampus_314.nii.gz,Task04_Hippocampus,2,2,5,0
MSD/Task04_Hippocampus/labelsTr/hippocampus_317.nii.gz,Task04_Hippocampus,2,1,5,0
MSD/Task04_Hippocampus/labelsTr/hippocampus_318.nii.gz,Task04_Hippocampus,2,3,5,0
MSD/Task04_Hippocampus/labelsTr/hippocampus_320.nii.gz,Task04_Hippocampus,2,0,5,0
MSD/Task04_Hippocampus/labelsTr/hippocampus_321.nii.gz,Task04_Hippocampus,2,4,5,0
MSD/Task04_Hippocampus/labelsTr/hippocampus_322.nii.gz,Task04_Hippocampus,2,4,5,0
MSD/Task04_Hippocampus/labelsTr/hippocampus_325.nii.gz,Task04_Hippocampus,2,4,5,0
MSD/Task04_Hippocampus/labelsTr/hippocampus_327.nii.gz,Task04_Hippocampus,2,2,5,0
MSD/Task04_Hippocampus/labelsTr/hippocampus_328.nii.gz,Task04_Hippocampus,2,0,5,0
MSD/Task04_Hippocampus/labelsTr/hippocampus_330.nii.gz,Task04_Hippocampus,2,0,5,0
MSD/Task04_Hippocampus/labelsTr/hippocampus_331.nii.gz,Task04_Hippocampus,2,2,5,0
MSD/Task04_Hippocampus/labelsTr/hippocampus_332.nii.gz,Task04_Hippocampus,2,2,5,0
MSD/Task04_Hippocampus/labelsTr/hippocampus_333.nii.gz,Task04_Hippocampus,2,4,5,0
MSD/Task04_Hippocampus/labelsTr/hippocampus_334.nii.gz,Task04_Hippocampus,2,0,5,0
MSD/Task04_Hippocampus/labelsTr/hippocampus_337.nii.gz,Task04_Hippocampus,2,1,5,0
MSD/Task04_Hippocampus/labelsTr/hippocampus_338.nii.gz,Task04_Hippocampus,2,1,5,0
MSD/Task04_Hippocampus/labelsTr/hippocampus_343.nii.gz,Task04_Hippocampus,2,4,5,0
MSD/Task04_Hippocampus/labelsTr/hippocampus_345.nii.gz,Task04_Hippocampus,2,1,5,0
MSD/Task04_Hippocampus/labelsTr/hippocampus_349.nii.gz,Task04_Hippocampus,2,2,5,0
MSD/Task04_Hippocampus/labelsTr/hippocampus_350.nii.gz,Task04_Hippocampus,2,3,5,0
MSD/Task04_Hippocampus/labelsTr/hippocampus_352.nii.gz,Task04_Hippocampus,2,0,5,0
MSD/Task04_Hippocampus/labelsTr/hippocampus_353.nii.gz,Task04_Hippocampus,2,0,5,0
MSD/Task04_Hippocampus/labelsTr/hippocampus_355.nii.gz,Task04_Hippocampus,2,4,5,0
MSD/Task04_Hippocampus/labelsTr/hippocampus_356.nii.gz,Task04_Hippocampus,2,3,5,0
MSD/Task04_Hippocampus/labelsTr/hippocampus_358.nii.gz,Task04_Hippocampus,2,0,5,0
MSD/Task04_Hippocampus/labelsTr/hippocampus_359.nii.gz,Task04_Hippocampus,2,0,5,0
MSD/Task04_Hippocampus/labelsTr/hippocampus_360.nii.gz,Task04_Hippocampus,2,4,5,0
MSD/Task04_Hippocampus/labelsTr/hippocampus_361.nii.gz,Task04_Hippocampus,2,0,5,0
MSD/Task04_Hippocampus/labelsTr/hippocampus_367.nii.gz,Task04_Hippocampus,2,4,5,0
MSD/Task04_Hippocampus/labelsTr/hippocampus_368.nii.gz,Task04_Hippocampus,2,3,5,0
MSD/Task04_Hippocampus/labelsTr/hippocampus_370.nii.gz,Task04_Hippocampus,2,1,5,0
MSD/Task04_Hippocampus/labelsTr/hippocampus_372.nii.gz,Task04_Hippocampus,2,3,5,0
MSD/Task04_Hippocampus/labelsTr/hippocampus_373.nii.gz,Task04_Hippocampus,2,4,5,0
MSD/Task04_Hippocampus/labelsTr/hippocampus_374.nii.gz,Task04_Hippocampus,2,0,5,0
MSD/Task04_Hippocampus/labelsTr/hippocampus_376.nii.gz,Task04_Hippocampus,2,0,5,0
MSD/Task04_Hippocampus/labelsTr/hippocampus_378.nii.gz,Task04_Hippocampus,2,1,5,0
MSD/Task04_Hippocampus/labelsTr/hippocampus_381.nii.gz,Task04_Hippocampus,2,2,5,0
MSD/Task04_Hippocampus/labelsTr/hippocampus_385.nii.gz,Task04_Hippocampus,2,0,5,0
MSD/Task04_Hippocampus/labelsTr/hippocampus_386.nii.gz,Task04_Hippocampus,2,1,5,0
MSD/Task04_Hippocampus/labelsTr/hippocampus_389.nii.gz,Task04_Hippocampus,2,2,5,0
MSD/Task04_Hippocampus/labelsTr/hippocampus_390.nii.gz,Task04_Hippocampus,2,3,5,0
MSD/Task04_Hippocampus/labelsTr/hippocampus_393.nii.gz,Task04_Hippocampus,2,1,5,0
MSD/Task04_Hippocampus/labelsTr/hippocampus_394.nii.gz,Task04_Hippocampus,2,4,5,0
MSD/Task05_Prostate/labelsTr/prostate_00.nii.gz,Task05_Prostate,2,2,5,0
MSD/Task05_Prostate/labelsTr/prostate_02.nii.gz,Task05_Prostate,2,1,5,0
MSD/Task05_Prostate/labelsTr/prostate_04.nii.gz,Task05_Prostate,2,1,5,0
MSD/Task05_Prostate/labelsTr/prostate_06.nii.gz,Task05_Prostate,2,0,5,0
MSD/Task05_Prostate/labelsTr/prostate_10.nii.gz,Task05_Prostate,2,4,5,0
MSD/Task05_Prostate/labelsTr/prostate_13.nii.gz,Task05_Prostate,2,3,5,0
MSD/Task05_Prostate/labelsTr/prostate_16.nii.gz,Task05_Prostate,2,4,5,0
MSD/Task05_Prostate/labelsTr/prostate_17.nii.gz,Task05_Prostate,2,3,5,0
MSD/Task05_Prostate/labelsTr/prostate_20.nii.gz,Task05_Prostate,2,0,5,0
MSD/Task05_Prostate/labelsTr/prostate_21.nii.gz,Task05_Prostate,2,3,5,0
MSD/Task05_Prostate/labelsTr/prostate_24.nii.gz,Task05_Prostate,2,3,5,0
MSD/Task05_Prostate/labelsTr/prostate_25.nii.gz,Task05_Prostate,2,4,5,0
MSD/Task05_Prostate/labelsTr/prostate_28.nii.gz,Task05_Prostate,2,4,5,0
MSD/Task05_Prostate/labelsTr/prostate_29.nii.gz,Task05_Prostate,2,4,5,0
MSD/Task05_Prostate/labelsTr/prostate_31.nii.gz,Task05_Prostate,2,1,5,0
MSD/Task05_Prostate/labelsTr/prostate_34.nii.gz,Task05_Prostate,2,2,5,0
MSD/Task05_Prostate/labelsTr/prostate_35.nii.gz,Task05_Prostate,2,2,5,0
MSD/Task05_Prostate/labelsTr/prostate_38.nii.gz,Task05_Prostate,2,3,5,0
MSD/Task05_Prostate/labelsTr/prostate_39.nii.gz,Task05_Prostate,2,2,5,0
MSD/Task05_Prostate/labelsTr/prostate_41.nii.gz,Task05_Prostate,2,2,5,0
MSD/Task05_Prostate/labelsTr/prostate_42.nii.gz,Task05_Prostate,2,0,5,0
MSD/Task05_Prostate/labelsTr/prostate_43.nii.gz,Task05_Prostate,2,0,5,0
MSD/Task05_Prostate/labelsTr/prostate_44.nii.gz,Task05_Prostate,2,1,5,0
MSD/Task05_Prostate/labelsTr/prostate_46.nii.gz,Task05_Prostate,2,0,5,0
MSD/Task05_Prostate/labelsTr/prostate_47.nii.gz,Task05_Prostate,2,1,5,0
MSD/Task06_Lung/labelsTr/lung_001.nii.gz,Task06_Lung,1,3,5,0
MSD/Task06_Lung/labelsTr/lung_004.nii.gz,Task06_Lung,1,1,5,0
MSD/Task06_Lung/labelsTr/lung_005.nii.gz,Task06_Lung,1,0,5,0
MSD/Task06_Lung/labelsTr/lung_006.nii.gz,Task06_Lung,1,1,5,0
MSD/Task06_Lung/labelsTr/lung_009.nii.gz,Task06_Lung,1,1,5,0
MSD/Task06_Lung/labelsTr/lung_010.nii.gz,Task06_Lung,1,0,5,0
MSD/Task06_Lung/labelsTr/lung_014.nii.gz,Task06_Lung,1,1,5,0
MSD/Task06_Lung/labelsTr/lung_015.nii.gz,Task06_Lung,1,4,5,0
MSD/Task06_Lung/labelsTr/lung_016.nii.gz,Task06_Lung,1,1,5,0
MSD/Task06_Lung/labelsTr/lung_018.nii.gz,Task06_Lung,1,1,5,0
MSD/Task06_Lung/labelsTr/lung_023.nii.gz,Task06_Lung,1,1,5,0
MSD/Task06_Lung/labelsTr/lung_025.nii.gz,Task06_Lung,1,1,5,0
MSD/Task06_Lung/labelsTr/lung_026.nii.gz,Task06_Lung,1,0,5,0
MSD/Task06_Lung/labelsTr/lung_027.nii.gz,Task06_Lung,1,2,5,0
MSD/Task06_Lung/labelsTr/lung_028.nii.gz,Task06_Lung,1,2,5,0
MSD/Task06_Lung/labelsTr/lung_029.nii.gz,Task06_Lung,1,4,5,0
MSD/Task06_Lung/labelsTr/lung_031.nii.gz,Task06_Lung,1,4,5,0
MSD/Task06_Lung/labelsTr/lung_033.nii.gz,Task06_Lung,1,4,5,0
MSD/Task06_Lung/labelsTr/lung_036.nii.gz,Task06_Lung,1,2,5,0
MSD/Task06_Lung/labelsTr/lung_037.nii.gz,Task06_Lung,1,3,5,0
MSD/Task06_Lung/labelsTr/lung_038.nii.gz,Task06_Lung,1,4,5,0
MSD/Task06_Lung/labelsTr/lung_041.nii.gz,Task06_Lung,1,3,5,0
MSD/Task06_Lung/labelsTr/lung_042.nii.gz,Task06_Lung,1,1,5,0
MSD/Task06_Lung/labelsTr/lung_043.nii.gz,Task06_Lung,1,3,5,0
MSD/Task06_Lung/labelsTr/lung_045.nii.gz,Task06_Lung,1,3,5,0
MSD/Task06_Lung/labelsTr/lung_046.nii.gz,Task06_Lung,1,0,5,0
MSD/Task06_Lung/labelsTr/lung_048.nii.gz,Task06_Lung,1,2,5,0
MSD/Task06_Lung/labelsTr/lung_049.nii.gz,Task06_Lung,1,2,5,0
MSD/Task06_Lung/labelsTr/lung_051.nii.gz,Task06_Lung,1,2,5,0
MSD/Task06_Lung/labelsTr/lung_053.nii.gz,Task06_Lung,1,0,5,0
MSD/Task06_Lung/labelsTr/lung_054.nii.gz,Task06_Lung,1,3,5,0
MSD/Task06_Lung/labelsTr/lung_055.nii.gz,Task06_Lung,1,1,5,0
MSD/Task06_Lung/labelsTr/lung_058.nii.gz,Task06_Lung,1,4,5,0
MSD/Task06_Lung/labelsTr/lung_059.nii.gz,Task06_Lung,1,2,5,0
MSD/Task06_Lung/labelsTr/lung_062.nii.gz,Task06_Lung,1,0,5,0
MSD/Task06_Lung/labelsTr/lung_064.nii.gz,Task06_Lung,1,0,5,0
MSD/Task06_Lung/labelsTr/lung_065.nii.gz,Task06_Lung,1,3,5,0
MSD/Task06_Lung/labelsTr/lung_066.nii.gz,Task06_Lung,1,0,5,0
MSD/Task06_Lung/labelsTr/lung_069.nii.gz,Task06_Lung,1,0,5,0
MSD/Task06_Lung/labelsTr/lung_070.nii.gz,Task06_Lung,1,4,5,0
MSD/Task06_Lung/labelsTr/lung_071.nii.gz,Task06_Lung,1,2,5,0
MSD/Task06_Lung/labelsTr/lung_073.nii.gz,Task06_Lung,1,3,5,0
MSD/Task06_Lung/labelsTr/lung_074.nii.gz,Task06_Lung,1,2,5,0
MSD/Task06_Lung/labelsTr/lung_075.nii.gz,Task06_Lung,1,3,5,0
MSD/Task06_Lung/labelsTr/lung_079.nii.gz,Task06_Lung,1,2,5,0
MSD/Task06_Lung/labelsTr/lung_081.nii.gz,Task06_Lung,1,3,5,0
MSD/Task06_Lung/labelsTr/lung_083.nii.gz,Task06_Lung,1,0,5,0
MSD/Task06_Lung/labelsTr/lung_092.nii.gz,Task06_Lung,1,4,5,0
MSD/Task06_Lung/labelsTr/lung_095.nii.gz,Task06_Lung,1,4,5,0
MSD/Task06_Lung/labelsTr/lung_096.nii.gz,Task06_Lung,1,4,5,0
MSD/Task07_Pancreas/labelsTr/pancreas_001.nii.gz,Task07_Pancreas,2,1,5,0
MSD/Task07_Pancreas/labelsTr/pancreas_004.nii.gz,Task07_Pancreas,2,2,5,0
MSD/Task07_Pancreas/labelsTr/pancreas_005.nii.gz,Task07_Pancreas,2,4,5,0
MSD/Task07_Pancreas/labelsTr/pancreas_006.nii.gz,Task07_Pancreas,2,2,5,0
MSD/Task07_Pancreas/labelsTr/pancreas_012.nii.gz,Task07_Pancreas,2,1,5,0
MSD/Task07_Pancreas/labelsTr/pancreas_015.nii.gz,Task07_Pancreas,2,2,5,0
MSD/Task07_Pancreas/labelsTr/pancreas_016.nii.gz,Task07_Pancreas,2,0,5,0
MSD/Task07_Pancreas/labelsTr/pancreas_018.nii.gz,Task07_Pancreas,2,3,5,0
MSD/Task07_Pancreas/labelsTr/pancreas_019.nii.gz,Task07_Pancreas,2,3,5,0
MSD/Task07_Pancreas/labelsTr/pancreas_021.nii.gz,Task07_Pancreas,2,2,5,0
MSD/Task07_Pancreas/labelsTr/pancreas_024.nii.gz,Task07_Pancreas,2,2,5,0
MSD/Task07_Pancreas/labelsTr/pancreas_025.nii.gz,Task07_Pancreas,2,4,5,0
MSD/Task07_Pancreas/labelsTr/pancreas_028.nii.gz,Task07_Pancreas,2,1,5,0
MSD/Task07_Pancreas/labelsTr/pancreas_029.nii.gz,Task07_Pancreas,2,0,5,0
MSD/Task07_Pancreas/labelsTr/pancreas_032.nii.gz,Task07_Pancreas,2,0,5,0
MSD/Task07_Pancreas/labelsTr/pancreas_035.nii.gz,Task07_Pancreas,2,1,5,0
MSD/Task07_Pancreas/labelsTr/pancreas_037.nii.gz,Task07_Pancreas,2,0,5,0
MSD/Task07_Pancreas/labelsTr/pancreas_040.nii.gz,Task07_Pancreas,2,4,5,0
MSD/Task07_Pancreas/labelsTr/pancreas_041.nii.gz,Task07_Pancreas,2,3,5,0
MSD/Task07_Pancreas/labelsTr/pancreas_043.nii.gz,Task07_Pancreas,2,0,5,0
MSD/Task07_Pancreas/labelsTr/pancreas_045.nii.gz,Task07_Pancreas,2,4,5,0
MSD/Task07_Pancreas/labelsTr/pancreas_046.nii.gz,Task07_Pancreas,2,3,5,0
MSD/Task07_Pancreas/labelsTr/pancreas_048.nii.gz,Task07_Pancreas,2,4,5,0
MSD/Task07_Pancreas/labelsTr/pancreas_049.nii.gz,Task07_Pancreas,2,0,5,0
MSD/Task07_Pancreas/labelsTr/pancreas_050.nii.gz,Task07_Pancreas,2,0,5,0
MSD/Task07_Pancreas/labelsTr/pancreas_055.nii.gz,Task07_Pancreas,2,2,5,0
MSD/Task07_Pancreas/labelsTr/pancreas_058.nii.gz,Task07_Pancreas,2,2,5,0
MSD/Task07_Pancreas/labelsTr/pancreas_066.nii.gz,Task07_Pancreas,2,3,5,0
MSD/Task07_Pancreas/labelsTr/pancreas_067.nii.gz,Task07_Pancreas,2,4,5,0
MSD/Task07_Pancreas/labelsTr/pancreas_070.nii.gz,Task07_Pancreas,2,2,5,0
MSD/Task07_Pancreas/labelsTr/pancreas_071.nii.gz,Task07_Pancreas,2,0,5,0
MSD/Task07_Pancreas/labelsTr/pancreas_074.nii.gz,Task07_Pancreas,2,0,5,0
MSD/Task07_Pancreas/labelsTr/pancreas_075.nii.gz,Task07_Pancreas,2,3,5,0
MSD/Task07_Pancreas/labelsTr/pancreas_077.nii.gz,Task07_Pancreas,2,3,5,0
MSD/Task07_Pancreas/labelsTr/pancreas_078.nii.gz,Task07_Pancreas,2,1,5,0
MSD/Task07_Pancreas/labelsTr/pancreas_080.nii.gz,Task07_Pancreas,2,2,5,0
MSD/Task07_Pancreas/labelsTr/pancreas_083.nii.gz,Task07_Pancreas,2,4,5,0
MSD/Task07_Pancreas/labelsTr/pancreas_084.nii.gz,Task07_Pancreas,2,0,5,0
MSD/Task07_Pancreas/labelsTr/pancreas_086.nii.gz,Task07_Pancreas,2,2,5,0
MSD/Task07_Pancreas/labelsTr/pancreas_087.nii.gz,Task07_Pancreas,2,4,5,0
MSD/Task07_Pancreas/labelsTr/pancreas_088.nii.gz,Task07_Pancreas,2,1,5,0
MSD/Task07_Pancreas/labelsTr/pancreas_089.nii.gz,Task07_Pancreas,2,1,5,0
MSD/Task07_Pancreas/labelsTr/pancreas_091.nii.gz,Task07_Pancreas,2,3,5,0
MSD/Task07_Pancreas/labelsTr/pancreas_092.nii.gz,Task07_Pancreas,2,0,5,0
MSD/Task07_Pancreas/labelsTr/pancreas_093.nii.gz,Task07_Pancreas,2,1,5,0
MSD/Task07_Pancreas/labelsTr/pancreas_095.nii.gz,Task07_Pancreas,2,4,5,0
MSD/Task07_Pancreas/labelsTr/pancreas_096.nii.gz,Task07_Pancreas,2,2,5,0
MSD/Task07_Pancreas/labelsTr/pancreas_098.nii.gz,Task07_Pancreas,2,4,5,0
MSD/Task07_Pancreas/labelsTr/pancreas_100.nii.gz,Task07_Pancreas,2,1,5,0
MSD/Task07_Pancreas/labelsTr/pancreas_101.nii.gz,Task07_Pancreas,2,4,5,0
MSD/Task07_Pancreas/labelsTr/pancreas_103.nii.gz,Task07_Pancreas,2,4,5,0
MSD/Task07_Pancreas/labelsTr/pancreas_105.nii.gz,Task07_Pancreas,2,0,5,0
MSD/Task07_Pancreas/labelsTr/pancreas_106.nii.gz,Task07_Pancreas,2,4,5,0
MSD/Task07_Pancreas/labelsTr/pancreas_107.nii.gz,Task07_Pancreas,2,1,5,0
MSD/Task07_Pancreas/labelsTr/pancreas_109.nii.gz,Task07_Pancreas,2,4,5,0
MSD/Task07_Pancreas/labelsTr/pancreas_110.nii.gz,Task07_Pancreas,2,1,5,0
MSD/Task07_Pancreas/labelsTr/pancreas_111.nii.gz,Task07_Pancreas,2,3,5,0
MSD/Task07_Pancreas/labelsTr/pancreas_113.nii.gz,Task07_Pancreas,2,1,5,0
MSD/Task07_Pancreas/labelsTr/pancreas_114.nii.gz,Task07_Pancreas,2,3,5,0
MSD/Task07_Pancreas/labelsTr/pancreas_117.nii.gz,Task07_Pancreas,2,3,5,0
MSD/Task07_Pancreas/labelsTr/pancreas_119.nii.gz,Task07_Pancreas,2,2,5,0
MSD/Task07_Pancreas/labelsTr/pancreas_120.nii.gz,Task07_Pancreas,2,4,5,0
MSD/Task07_Pancreas/labelsTr/pancreas_124.nii.gz,Task07_Pancreas,2,0,5,0
MSD/Task07_Pancreas/labelsTr/pancreas_126.nii.gz,Task07_Pancreas,2,3,5,0
MSD/Task07_Pancreas/labelsTr/pancreas_127.nii.gz,Task07_Pancreas,2,1,5,0
MSD/Task07_Pancreas/labelsTr/pancreas_130.nii.gz,Task07_Pancreas,2,2,5,0
MSD/Task07_Pancreas/labelsTr/pancreas_131.nii.gz,Task07_Pancreas,2,0,5,0
MSD/Task07_Pancreas/labelsTr/pancreas_138.nii.gz,Task07_Pancreas,2,4,5,0
MSD/Task07_Pancreas/labelsTr/pancreas_140.nii.gz,Task07_Pancreas,2,3,5,0
MSD/Task07_Pancreas/labelsTr/pancreas_145.nii.gz,Task07_Pancreas,2,1,5,0
MSD/Task07_Pancreas/labelsTr/pancreas_147.nii.gz,Task07_Pancreas,2,2,5,0
MSD/Task07_Pancreas/labelsTr/pancreas_148.nii.gz,Task07_Pancreas,2,1,5,0
MSD/Task07_Pancreas/labelsTr/pancreas_149.nii.gz,Task07_Pancreas,2,2,5,0
MSD/Task07_Pancreas/labelsTr/pancreas_155.nii.gz,Task07_Pancreas,2,0,5,0
MSD/Task07_Pancreas/labelsTr/pancreas_157.nii.gz,Task07_Pancreas,2,1,5,0
MSD/Task07_Pancreas/labelsTr/pancreas_158.nii.gz,Task07_Pancreas,2,1,5,0
MSD/Task07_Pancreas/labelsTr/pancreas_159.nii.gz,Task07_Pancreas,2,1,5,0
MSD/Task07_Pancreas/labelsTr/pancreas_165.nii.gz,Task07_Pancreas,2,4,5,0
MSD/Task07_Pancreas/labelsTr/pancreas_166.nii.gz,Task07_Pancreas,2,4,5,0
MSD/Task07_Pancreas/labelsTr/pancreas_167.nii.gz,Task07_Pancreas,2,0,5,0
MSD/Task07_Pancreas/labelsTr/pancreas_170.nii.gz,Task07_Pancreas,2,0,5,0
MSD/Task07_Pancreas/labelsTr/pancreas_172.nii.gz,Task07_Pancreas,2,2,5,0
MSD/Task07_Pancreas/labelsTr/pancreas_175.nii.gz,Task07_Pancreas,2,2,5,0
MSD/Task07_Pancreas/labelsTr/pancreas_178.nii.gz,Task07_Pancreas,2,3,5,0
MSD/Task07_Pancreas/labelsTr/pancreas_179.nii.gz,Task07_Pancreas,2,4,5,0
MSD/Task07_Pancreas/labelsTr/pancreas_180.nii.gz,Task07_Pancreas,2,4,5,0
MSD/Task07_Pancreas/labelsTr/pancreas_181.nii.gz,Task07_Pancreas,2,1,5,0
MSD/Task07_Pancreas/labelsTr/pancreas_182.nii.gz,Task07_Pancreas,2,3,5,0
MSD/Task07_Pancreas/labelsTr/pancreas_183.nii.gz,Task07_Pancreas,2,3,5,0
MSD/Task07_Pancreas/labelsTr/pancreas_186.nii.gz,Task07_Pancreas,2,1,5,0
MSD/Task07_Pancreas/labelsTr/pancreas_187.nii.gz,Task07_Pancreas,2,3,5,0
MSD/Task07_Pancreas/labelsTr/pancreas_191.nii.gz,Task07_Pancreas,2,2,5,0
MSD/Task07_Pancreas/labelsTr/pancreas_193.nii.gz,Task07_Pancreas,2,2,5,0
MSD/Task07_Pancreas/labelsTr/pancreas_194.nii.gz,Task07_Pancreas,2,4,5,0
MSD/Task07_Pancreas/labelsTr/pancreas_196.nii.gz,Task07_Pancreas,2,0,5,0
MSD/Task07_Pancreas/labelsTr/pancreas_197.nii.gz,Task07_Pancreas,2,1,5,0
MSD/Task07_Pancreas/labelsTr/pancreas_198.nii.gz,Task07_Pancreas,2,0,5,0
MSD/Task07_Pancreas/labelsTr/pancreas_199.nii.gz,Task07_Pancreas,2,3,5,0
MSD/Task07_Pancreas/labelsTr/pancreas_200.nii.gz,Task07_Pancreas,2,0,5,0
MSD/Task07_Pancreas/labelsTr/pancreas_201.nii.gz,Task07_Pancreas,2,3,5,0
MSD/Task07_Pancreas/labelsTr/pancreas_203.nii.gz,Task07_Pancreas,2,3,5,0
MSD/Task07_Pancreas/labelsTr/pancreas_204.nii.gz,Task07_Pancreas,2,4,5,0
MSD/Task07_Pancreas/labelsTr/pancreas_207.nii.gz,Task07_Pancreas,2,2,5,0
MSD/Task07_Pancreas/labelsTr/pancreas_210.nii.gz,Task07_Pancreas,2,3,5,0
MSD/Task07_Pancreas/labelsTr/pancreas_211.nii.gz,Task07_Pancreas,2,0,5,0
MSD/Task07_Pancreas/labelsTr/pancreas_212.nii.gz,Task07_Pancreas,2,0,5,0
MSD/Task07_Pancreas/labelsTr/pancreas_213.nii.gz,Task07_Pancreas,2,4,5,0
MSD/Task07_Pancreas/labelsTr/pancreas_214.nii.gz,Task07_Pancreas,2,3,5,0
MSD/Task07_Pancreas/labelsTr/pancreas_215.nii.gz,Task07_Pancreas,2,3,5,0
MSD/Task07_Pancreas/labelsTr/pancreas_217.nii.gz,Task07_Pancreas,2,0,5,0
MSD/Task07_Pancreas/labelsTr/pancreas_218.nii.gz,Task07_Pancreas,2,0,5,0
MSD/Task07_Pancreas/labelsTr/pancreas_219.nii.gz,Task07_Pancreas,2,2,5,0
MSD/Task07_Pancreas/labelsTr/pancreas_222.nii.gz,Task07_Pancreas,2,2,5,0
MSD/Task07_Pancreas/labelsTr/pancreas_225.nii.gz,Task07_Pancreas,2,4,5,0
MSD/Task07_Pancreas/labelsTr/pancreas_226.nii.gz,Task07_Pancreas,2,0,5,0
MSD/Task07_Pancreas/labelsTr/pancreas_227.nii.gz,Task07_Pancreas,2,3,5,0
MSD/Task07_Pancreas/labelsTr/pancreas_228.nii.gz,Task07_Pancreas,2,3,5,0
MSD/Task07_Pancreas/labelsTr/pancreas_230.nii.gz,Task07_Pancreas,2,3,5,0
MSD/Task07_Pancreas/labelsTr/pancreas_231.nii.gz,Task07_Pancreas,2,4,5,0
MSD/Task07_Pancreas/labelsTr/pancreas_236.nii.gz,Task07_Pancreas,2,3,5,0
MSD/Task07_Pancreas/labelsTr/pancreas_239.nii.gz,Task07_Pancreas,2,0,5,0
MSD/Task07_Pancreas/labelsTr/pancreas_241.nii.gz,Task07_Pancreas,2,3,5,0
MSD/Task07_Pancreas/labelsTr/pancreas_242.nii.gz,Task07_Pancreas,2,1,5,0
MSD/Task07_Pancreas/labelsTr/pancreas_244.nii.gz,Task07_Pancreas,2,3,5,0
MSD/Task07_Pancreas/labelsTr/pancreas_247.nii.gz,Task07_Pancreas,2,2,5,0
MSD/Task07_Pancreas/labelsTr/pancreas_254.nii.gz,Task07_Pancreas,2,0,5,0
MSD/Task07_Pancreas/labelsTr/pancreas_255.nii.gz,Task07_Pancreas,2,3,5,0
MSD/Task07_Pancreas/labelsTr/pancreas_256.nii.gz,Task07_Pancreas,2,3,5,0
MSD/Task07_Pancreas/labelsTr/pancreas_258.nii.gz,Task07_Pancreas,2,0,5,0
MSD/Task07_Pancreas/labelsTr/pancreas_259.nii.gz,Task07_Pancreas,2,0,5,0
MSD/Task07_Pancreas/labelsTr/pancreas_261.nii.gz,Task07_Pancreas,2,3,5,0
MSD/Task07_Pancreas/labelsTr/pancreas_264.nii.gz,Task07_Pancreas,2,3,5,0
MSD/Task07_Pancreas/labelsTr/pancreas_265.nii.gz,Task07_Pancreas,2,4,5,0
MSD/Task07_Pancreas/labelsTr/pancreas_266.nii.gz,Task07_Pancreas,2,3,5,0
MSD/Task07_Pancreas/labelsTr/pancreas_268.nii.gz,Task07_Pancreas,2,1,5,0
MSD/Task07_Pancreas/labelsTr/pancreas_269.nii.gz,Task07_Pancreas,2,0,5,0
MSD/Task07_Pancreas/labelsTr/pancreas_270.nii.gz,Task07_Pancreas,2,3,5,0
MSD/Task07_Pancreas/labelsTr/pancreas_275.nii.gz,Task07_Pancreas,2,4,5,0
MSD/Task07_Pancreas/labelsTr/pancreas_276.nii.gz,Task07_Pancreas,2,1,5,0
MSD/Task07_Pancreas/labelsTr/pancreas_278.nii.gz,Task07_Pancreas,2,1,5,0
MSD/Task07_Pancreas/labelsTr/pancreas_280.nii.gz,Task07_Pancreas,2,1,5,0
MSD/Task07_Pancreas/labelsTr/pancreas_283.nii.gz,Task07_Pancreas,2,4,5,0
MSD/Task07_Pancreas/labelsTr/pancreas_284.nii.gz,Task07_Pancreas,2,4,5,0
MSD/Task07_Pancreas/labelsTr/pancreas_285.nii.gz,Task07_Pancreas,2,1,5,0
MSD/Task07_Pancreas/labelsTr/pancreas_287.nii.gz,Task07_Pancreas,2,4,5,0
MSD/Task07_Pancreas/labelsTr/pancreas_289.nii.gz,Task07_Pancreas,2,0,5,0
MSD/Task07_Pancreas/labelsTr/pancreas_290.nii.gz,Task07_Pancreas,2,1,5,0
MSD/Task07_Pancreas/labelsTr/pancreas_292.nii.gz,Task07_Pancreas,2,0,5,0
MSD/Task07_Pancreas/labelsTr/pancreas_293.nii.gz,Task07_Pancreas,2,2,5,0
MSD/Task07_Pancreas/labelsTr/pancreas_294.nii.gz,Task07_Pancreas,2,0,5,0
MSD/Task07_Pancreas/labelsTr/pancreas_296.nii.gz,Task07_Pancreas,2,1,5,0
MSD/Task07_Pancreas/labelsTr/pancreas_297.nii.gz,Task07_Pancreas,2,4,5,0
MSD/Task07_Pancreas/labelsTr/pancreas_298.nii.gz,Task07_Pancreas,2,4,5,0
MSD/Task07_Pancreas/labelsTr/pancreas_303.nii.gz,Task07_Pancreas,2,1,5,0
MSD/Task07_Pancreas/labelsTr/pancreas_304.nii.gz,Task07_Pancreas,2,4,5,0
MSD/Task07_Pancreas/labelsTr/pancreas_305.nii.gz,Task07_Pancreas,2,1,5,0
MSD/Task07_Pancreas/labelsTr/pancreas_308.nii.gz,Task07_Pancreas,2,2,5,0
MSD/Task07_Pancreas/labelsTr/pancreas_309.nii.gz,Task07_Pancreas,2,2,5,0
MSD/Task07_Pancreas/labelsTr/pancreas_310.nii.gz,Task07_Pancreas,2,2,5,0
MSD/Task07_Pancreas/labelsTr/pancreas_313.nii.gz,Task07_Pancreas,2,0,5,0
MSD/Task07_Pancreas/labelsTr/pancreas_315.nii.gz,Task07_Pancreas,2,1,5,0
MSD/Task07_Pancreas/labelsTr/pancreas_316.nii.gz,Task07_Pancreas,2,3,5,0
MSD/Task07_Pancreas/labelsTr/pancreas_318.nii.gz,Task07_Pancreas,2,0,5,0
MSD/Task07_Pancreas/labelsTr/pancreas_320.nii.gz,Task07_Pancreas,2,1,5,0
MSD/Task07_Pancreas/labelsTr/pancreas_321.nii.gz,Task07_Pancreas,2,2,5,0
MSD/Task07_Pancreas/labelsTr/pancreas_325.nii.gz,Task07_Pancreas,2,1,5,0
MSD/Task07_Pancreas/labelsTr/pancreas_328.nii.gz,Task07_Pancreas,2,1,5,0
MSD/Task07_Pancreas/labelsTr/pancreas_329.nii.gz,Task07_Pancreas,2,4,5,0
MSD/Task07_Pancreas/labelsTr/pancreas_330.nii.gz,Task07_Pancreas,2,4,5,0
MSD/Task07_Pancreas/labelsTr/pancreas_333.nii.gz,Task07_Pancreas,2,4,5,0
MSD/Task07_Pancreas/labelsTr/pancreas_336.nii.gz,Task07_Pancreas,2,4,5,0
MSD/Task07_Pancreas/labelsTr/pancreas_339.nii.gz,Task07_Pancreas,2,2,5,0
MSD/Task07_Pancreas/labelsTr/pancreas_342.nii.gz,Task07_Pancreas,2,1,5,0
MSD/Task07_Pancreas/labelsTr/pancreas_344.nii.gz,Task07_Pancreas,2,0,5,0
MSD/Task07_Pancreas/labelsTr/pancreas_345.nii.gz,Task07_Pancreas,2,4,5,0
MSD/Task07_Pancreas/labelsTr/pancreas_346.nii.gz,Task07_Pancreas,2,2,5,0
MSD/Task07_Pancreas/labelsTr/pancreas_347.nii.gz,Task07_Pancreas,2,2,5,0
MSD/Task07_Pancreas/labelsTr/pancreas_348.nii.gz,Task07_Pancreas,2,2,5,0
MSD/Task07_Pancreas/labelsTr/pancreas_354.nii.gz,Task07_Pancreas,2,2,5,0
MSD/Task07_Pancreas/labelsTr/pancreas_355.nii.gz,Task07_Pancreas,2,1,5,0
MSD/Task07_Pancreas/labelsTr/pancreas_356.nii.gz,Task07_Pancreas,2,2,5,0
MSD/Task07_Pancreas/labelsTr/pancreas_357.nii.gz,Task07_Pancreas,2,3,5,0
MSD/Task07_Pancreas/labelsTr/pancreas_358.nii.gz,Task07_Pancreas,2,2,5,0
MSD/Task07_Pancreas/labelsTr/pancreas_360.nii.gz,Task07_Pancreas,2,3,5,0
MSD/Task07_Pancreas/labelsTr/pancreas_361.nii.gz,Task07_Pancreas,2,2,5,0
MSD/Task07_Pancreas/labelsTr/pancreas_362.nii.gz,Task07_Pancreas,2,1,5,0
MSD/Task07_Pancreas/labelsTr/pancreas_364.nii.gz,Task07_Pancreas,2,1,5,0
MSD/Task07_Pancreas/labelsTr/pancreas_365.nii.gz,Task07_Pancreas,2,4,5,0
MSD/Task07_Pancreas/labelsTr/pancreas_366.nii.gz,Task07_Pancreas,2,4,5,0
MSD/Task07_Pancreas/labelsTr/pancreas_367.nii.gz,Task07_Pancreas,2,2,5,0
MSD/Task07_Pancreas/labelsTr/pancreas_369.nii.gz,Task07_Pancreas,2,2,5,0
MSD/Task07_Pancreas/labelsTr/pancreas_374.nii.gz,Task07_Pancreas,2,2,5,0
MSD/Task07_Pancreas/labelsTr/pancreas_376.nii.gz,Task07_Pancreas,2,3,5,0
MSD/Task07_Pancreas/labelsTr/pancreas_377.nii.gz,Task07_Pancreas,2,2,5,0
MSD/Task07_Pancreas/labelsTr/pancreas_378.nii.gz,Task07_Pancreas,2,4,5,0
MSD/Task07_Pancreas/labelsTr/pancreas_379.nii.gz,Task07_Pancreas,2,1,5,0
MSD/Task07_Pancreas/labelsTr/pancreas_380.nii.gz,Task07_Pancreas,2,0,5,0
MSD/Task07_Pancreas/labelsTr/pancreas_382.nii.gz,Task07_Pancreas,2,0,5,0
MSD/Task07_Pancreas/labelsTr/pancreas_386.nii.gz,Task07_Pancreas,2,4,5,0
MSD/Task07_Pancreas/labelsTr/pancreas_387.nii.gz,Task07_Pancreas,2,4,5,0
MSD/Task07_Pancreas/labelsTr/pancreas_388.nii.gz,Task07_Pancreas,2,3,5,0
MSD/Task07_Pancreas/labelsTr/pancreas_389.nii.gz,Task07_Pancreas,2,3,5,0
MSD/Task07_Pancreas/labelsTr/pancreas_391.nii.gz,Task07_Pancreas,2,0,5,0
MSD/Task07_Pancreas/labelsTr/pancreas_392.nii.gz,Task07_Pancreas,2,4,5,0
MSD/Task07_Pancreas/labelsTr/pancreas_393.nii.gz,Task07_Pancreas,2,0,5,0
MSD/Task07_Pancreas/labelsTr/pancreas_395.nii.gz,Task07_Pancreas,2,3,5,0
MSD/Task07_Pancreas/labelsTr/pancreas_398.nii.gz,Task07_Pancreas,2,3,5,0
MSD/Task07_Pancreas/labelsTr/pancreas_399.nii.gz,Task07_Pancreas,2,1,5,0
MSD/Task07_Pancreas/labelsTr/pancreas_400.nii.gz,Task07_Pancreas,2,2,5,0
MSD/Task07_Pancreas/labelsTr/pancreas_401.nii.gz,Task07_Pancreas,2,1,5,0
MSD/Task07_Pancreas/labelsTr/pancreas_402.nii.gz,Task07_Pancreas,2,0,5,0
MSD/Task07_Pancreas/labelsTr/pancreas_404.nii.gz,Task07_Pancreas,2,0,5,0
MSD/Task07_Pancreas/labelsTr/pancreas_405.nii.gz,Task07_Pancreas,2,2,5,0
MSD/Task07_Pancreas/labelsTr/pancreas_406.nii.gz,Task07_Pancreas,2,4,5,0
MSD/Task07_Pancreas/labelsTr/pancreas_410.nii.gz,Task07_Pancreas,2,1,5,0
MSD/Task07_Pancreas/labelsTr/pancreas_411.nii.gz,Task07_Pancreas,2,3,5,0
MSD/Task07_Pancreas/labelsTr/pancreas_412.nii.gz,Task07_Pancreas,2,1,5,0
MSD/Task07_Pancreas/labelsTr/pancreas_413.nii.gz,Task07_Pancreas,2,1,5,0
MSD/Task07_Pancreas/labelsTr/pancreas_414.nii.gz,Task07_Pancreas,2,3,5,0
MSD/Task07_Pancreas/labelsTr/pancreas_415.nii.gz,Task07_Pancreas,2,0,5,0
MSD/Task07_Pancreas/labelsTr/pancreas_416.nii.gz,Task07_Pancreas,2,0,5,0
MSD/Task07_Pancreas/labelsTr/pancreas_418.nii.gz,Task07_Pancreas,2,2,5,0
MSD/Task07_Pancreas/labelsTr/pancreas_419.nii.gz,Task07_Pancreas,2,2,5,0
MSD/Task07_Pancreas/labelsTr/pancreas_421.nii.gz,Task07_Pancreas,2,0,5,0
MSD/Task08_HepaticVessel/labelsTr/hepaticvessel_001.nii.gz,Task08_HepaticVessel,2,0,5,0
MSD/Task08_HepaticVessel/labelsTr/hepaticvessel_002.nii.gz,Task08_HepaticVessel,2,1,5,0
MSD/Task08_HepaticVessel/labelsTr/hepaticvessel_005.nii.gz,Task08_HepaticVessel,2,4,5,0
MSD/Task08_HepaticVessel/labelsTr/hepaticvessel_007.nii.gz,Task08_HepaticVessel,2,3,5,0
MSD/Task08_HepaticVessel/labelsTr/hepaticvessel_010.nii.gz,Task08_HepaticVessel,2,3,5,0
MSD/Task08_HepaticVessel/labelsTr/hepaticvessel_011.nii.gz,Task08_HepaticVessel,2,1,5,0
MSD/Task08_HepaticVessel/labelsTr/hepaticvessel_013.nii.gz,Task08_HepaticVessel,2,2,5,0
MSD/Task08_HepaticVessel/labelsTr/hepaticvessel_016.nii.gz,Task08_HepaticVessel,2,0,5,0
MSD/Task08_HepaticVessel/labelsTr/hepaticvessel_018.nii.gz,Task08_HepaticVessel,2,2,5,0
MSD/Task08_HepaticVessel/labelsTr/hepaticvessel_019.nii.gz,Task08_HepaticVessel,2,0,5,0
MSD/Task08_HepaticVessel/labelsTr/hepaticvessel_022.nii.gz,Task08_HepaticVessel,2,2,5,0
MSD/Task08_HepaticVessel/labelsTr/hepaticvessel_025.nii.gz,Task08_HepaticVessel,2,4,5,0
MSD/Task08_HepaticVessel/labelsTr/hepaticvessel_028.nii.gz,Task08_HepaticVessel,2,3,5,0
MSD/Task08_HepaticVessel/labelsTr/hepaticvessel_029.nii.gz,Task08_HepaticVessel,2,4,5,0
MSD/Task08_HepaticVessel/labelsTr/hepaticvessel_030.nii.gz,Task08_HepaticVessel,2,1,5,0
MSD/Task08_HepaticVessel/labelsTr/hepaticvessel_031.nii.gz,Task08_HepaticVessel,2,4,5,0
MSD/Task08_HepaticVessel/labelsTr/hepaticvessel_032.nii.gz,Task08_HepaticVessel,2,4,5,0
MSD/Task08_HepaticVessel/labelsTr/hepaticvessel_033.nii.gz,Task08_HepaticVessel,2,3,5,0
MSD/Task08_HepaticVessel/labelsTr/hepaticvessel_039.nii.gz,Task08_HepaticVessel,2,3,5,0
MSD/Task08_HepaticVessel/labelsTr/hepaticvessel_040.nii.gz,Task08_HepaticVessel,2,3,5,0
MSD/Task08_HepaticVessel/labelsTr/hepaticvessel_042.nii.gz,Task08_HepaticVessel,2,3,5,0
MSD/Task08_HepaticVessel/labelsTr/hepaticvessel_044.nii.gz,Task08_HepaticVessel,2,2,5,0
MSD/Task08_HepaticVessel/labelsTr/hepaticvessel_049.nii.gz,Task08_HepaticVessel,2,2,5,0
MSD/Task08_HepaticVessel/labelsTr/hepaticvessel_050.nii.gz,Task08_HepaticVessel,2,3,5,0
MSD/Task08_HepaticVessel/labelsTr/hepaticvessel_051.nii.gz,Task08_HepaticVessel,2,0,5,0
MSD/Task08_HepaticVessel/labelsTr/hepaticvessel_053.nii.gz,Task08_HepaticVessel,2,2,5,0
MSD/Task08_HepaticVessel/labelsTr/hepaticvessel_057.nii.gz,Task08_HepaticVessel,2,0,5,0
MSD/Task08_HepaticVessel/labelsTr/hepaticvessel_059.nii.gz,Task08_HepaticVessel,2,3,5,0
MSD/Task08_HepaticVessel/labelsTr/hepaticvessel_065.nii.gz,Task08_HepaticVessel,2,4,5,0
MSD/Task08_HepaticVessel/labelsTr/hepaticvessel_066.nii.gz,Task08_HepaticVessel,2,4,5,0
MSD/Task08_HepaticVessel/labelsTr/hepaticvessel_067.nii.gz,Task08_HepaticVessel,2,3,5,0
MSD/Task08_HepaticVessel/labelsTr/hepaticvessel_068.nii.gz,Task08_HepaticVessel,2,3,5,0
MSD/Task08_HepaticVessel/labelsTr/hepaticvessel_070.nii.gz,Task08_HepaticVessel,2,1,5,0
MSD/Task08_HepaticVessel/labelsTr/hepaticvessel_071.nii.gz,Task08_HepaticVessel,2,2,5,0
MSD/Task08_HepaticVessel/labelsTr/hepaticvessel_075.nii.gz,Task08_HepaticVessel,2,3,5,0
MSD/Task08_HepaticVessel/labelsTr/hepaticvessel_077.nii.gz,Task08_HepaticVessel,2,3,5,0
MSD/Task08_HepaticVessel/labelsTr/hepaticvessel_079.nii.gz,Task08_HepaticVessel,2,3,5,0
MSD/Task08_HepaticVessel/labelsTr/hepaticvessel_080.nii.gz,Task08_HepaticVessel,2,2,5,0
MSD/Task08_HepaticVessel/labelsTr/hepaticvessel_081.nii.gz,Task08_HepaticVessel,2,1,5,0
MSD/Task08_HepaticVessel/labelsTr/hepaticvessel_082.nii.gz,Task08_HepaticVessel,2,1,5,0
MSD/Task08_HepaticVessel/labelsTr/hepaticvessel_083.nii.gz,Task08_HepaticVessel,2,4,5,0
MSD/Task08_HepaticVessel/labelsTr/hepaticvessel_084.nii.gz,Task08_HepaticVessel,2,4,5,0
MSD/Task08_HepaticVessel/labelsTr/hepaticvessel_085.nii.gz,Task08_HepaticVessel,2,2,5,0
MSD/Task08_HepaticVessel/labelsTr/hepaticvessel_086.nii.gz,Task08_HepaticVessel,2,1,5,0
MSD/Task08_HepaticVessel/labelsTr/hepaticvessel_088.nii.gz,Task08_HepaticVessel,2,1,5,0
MSD/Task08_HepaticVessel/labelsTr/hepaticvessel_089.nii.gz,Task08_HepaticVessel,2,2,5,0
MSD/Task08_HepaticVessel/labelsTr/hepaticvessel_091.nii.gz,Task08_HepaticVessel,2,2,5,0
MSD/Task08_HepaticVessel/labelsTr/hepaticvessel_092.nii.gz,Task08_HepaticVessel,2,3,5,0
MSD/Task08_HepaticVessel/labelsTr/hepaticvessel_093.nii.gz,Task08_HepaticVessel,2,3,5,0
MSD/Task08_HepaticVessel/labelsTr/hepaticvessel_096.nii.gz,Task08_HepaticVessel,2,2,5,0
MSD/Task08_HepaticVessel/labelsTr/hepaticvessel_097.nii.gz,Task08_HepaticVessel,2,4,5,0
MSD/Task08_HepaticVessel/labelsTr/hepaticvessel_098.nii.gz,Task08_HepaticVessel,2,0,5,0
MSD/Task08_HepaticVessel/labelsTr/hepaticvessel_102.nii.gz,Task08_HepaticVessel,2,4,5,0
MSD/Task08_HepaticVessel/labelsTr/hepaticvessel_104.nii.gz,Task08_HepaticVessel,2,2,5,0
MSD/Task08_HepaticVessel/labelsTr/hepaticvessel_108.nii.gz,Task08_HepaticVessel,2,4,5,0
MSD/Task08_HepaticVessel/labelsTr/hepaticvessel_110.nii.gz,Task08_HepaticVessel,2,0,5,0
MSD/Task08_HepaticVessel/labelsTr/hepaticvessel_111.nii.gz,Task08_HepaticVessel,2,2,5,0
MSD/Task08_HepaticVessel/labelsTr/hepaticvessel_115.nii.gz,Task08_HepaticVessel,2,0,5,0
MSD/Task08_HepaticVessel/labelsTr/hepaticvessel_117.nii.gz,Task08_HepaticVessel,2,3,5,0
MSD/Task08_HepaticVessel/labelsTr/hepaticvessel_119.nii.gz,Task08_HepaticVessel,2,2,5,0
MSD/Task08_HepaticVessel/labelsTr/hepaticvessel_121.nii.gz,Task08_HepaticVessel,2,1,5,0
MSD/Task08_HepaticVessel/labelsTr/hepaticvessel_123.nii.gz,Task08_HepaticVessel,2,0,5,0
MSD/Task08_HepaticVessel/labelsTr/hepaticvessel_124.nii.gz,Task08_HepaticVessel,2,4,5,0
MSD/Task08_HepaticVessel/labelsTr/hepaticvessel_125.nii.gz,Task08_HepaticVessel,2,1,5,0
MSD/Task08_HepaticVessel/labelsTr/hepaticvessel_127.nii.gz,Task08_HepaticVessel,2,1,5,0
MSD/Task08_HepaticVessel/labelsTr/hepaticvessel_128.nii.gz,Task08_HepaticVessel,2,4,5,0
MSD/Task08_HepaticVessel/labelsTr/hepaticvessel_129.nii.gz,Task08_HepaticVessel,2,4,5,0
MSD/Task08_HepaticVessel/labelsTr/hepaticvessel_131.nii.gz,Task08_HepaticVessel,2,1,5,0
MSD/Task08_HepaticVessel/labelsTr/hepaticvessel_132.nii.gz,Task08_HepaticVessel,2,2,5,0
MSD/Task08_HepaticVessel/labelsTr/hepaticvessel_133.nii.gz,Task08_HepaticVessel,2,2,5,0
MSD/Task08_HepaticVessel/labelsTr/hepaticvessel_136.nii.gz,Task08_HepaticVessel,2,0,5,0
MSD/Task08_HepaticVessel/labelsTr/hepaticvessel_137.nii.gz,Task08_HepaticVessel,2,1,5,0
MSD/Task08_HepaticVessel/labelsTr/hepaticvessel_138.nii.gz,Task08_HepaticVessel,2,0,5,0
MSD/Task08_HepaticVessel/labelsTr/hepaticvessel_139.nii.gz,Task08_HepaticVessel,2,1,5,0
MSD/Task08_HepaticVessel/labelsTr/hepaticvessel_141.nii.gz,Task08_HepaticVessel,2,2,5,0
MSD/Task08_HepaticVessel/labelsTr/hepaticvessel_142.nii.gz,Task08_HepaticVessel,2,0,5,0
MSD/Task08_HepaticVessel/labelsTr/hepaticvessel_145.nii.gz,Task08_HepaticVessel,2,0,5,0
MSD/Task08_HepaticVessel/labelsTr/hepaticvessel_146.nii.gz,Task08_HepaticVessel,2,0,5,0
MSD/Task08_HepaticVessel/labelsTr/hepaticvessel_147.nii.gz,Task08_HepaticVessel,2,3,5,0
MSD/Task08_HepaticVessel/labelsTr/hepaticvessel_148.nii.gz,Task08_HepaticVessel,2,1,5,0
MSD/Task08_HepaticVessel/labelsTr/hepaticvessel_150.nii.gz,Task08_HepaticVessel,2,4,5,0
MSD/Task08_HepaticVessel/labelsTr/hepaticvessel_154.nii.gz,Task08_HepaticVessel,2,2,5,0
MSD/Task08_HepaticVessel/labelsTr/hepaticvessel_157.nii.gz,Task08_HepaticVessel,2,1,5,0
MSD/Task08_HepaticVessel/labelsTr/hepaticvessel_158.nii.gz,Task08_HepaticVessel,2,2,5,0
MSD/Task08_HepaticVessel/labelsTr/hepaticvessel_159.nii.gz,Task08_HepaticVessel,2,4,5,0
MSD/Task08_HepaticVessel/labelsTr/hepaticvessel_160.nii.gz,Task08_HepaticVessel,2,1,5,0
MSD/Task08_HepaticVessel/labelsTr/hepaticvessel_161.nii.gz,Task08_HepaticVessel,2,0,5,0
MSD/Task08_HepaticVessel/labelsTr/hepaticvessel_163.nii.gz,Task08_HepaticVessel,2,1,5,0
MSD/Task08_HepaticVessel/labelsTr/hepaticvessel_164.nii.gz,Task08_HepaticVessel,2,2,5,0
MSD/Task08_HepaticVessel/labelsTr/hepaticvessel_166.nii.gz,Task08_HepaticVessel,2,1,5,0
MSD/Task08_HepaticVessel/labelsTr/hepaticvessel_167.nii.gz,Task08_HepaticVessel,2,4,5,0
MSD/Task08_HepaticVessel/labelsTr/hepaticvessel_171.nii.gz,Task08_HepaticVessel,2,4,5,0
MSD/Task08_HepaticVessel/labelsTr/hepaticvessel_172.nii.gz,Task08_HepaticVessel,2,1,5,0
MSD/Task08_HepaticVessel/labelsTr/hepaticvessel_173.nii.gz,Task08_HepaticVessel,2,3,5,0
MSD/Task08_HepaticVessel/labelsTr/hepaticvessel_175.nii.gz,Task08_HepaticVessel,2,0,5,0
MSD/Task08_HepaticVessel/labelsTr/hepaticvessel_177.nii.gz,Task08_HepaticVessel,2,2,5,0
MSD/Task08_HepaticVessel/labelsTr/hepaticvessel_178.nii.gz,Task08_HepaticVessel,2,3,5,0
MSD/Task08_HepaticVessel/labelsTr/hepaticvessel_179.nii.gz,Task08_HepaticVessel,2,3,5,0
MSD/Task08_HepaticVessel/labelsTr/hepaticvessel_181.nii.gz,Task08_HepaticVessel,2,4,5,0
MSD/Task08_HepaticVessel/labelsTr/hepaticvessel_183.nii.gz,Task08_HepaticVessel,2,0,5,0
MSD/Task08_HepaticVessel/labelsTr/hepaticvessel_184.nii.gz,Task08_HepaticVessel,2,2,5,0
MSD/Task08_HepaticVessel/labelsTr/hepaticvessel_185.nii.gz,Task08_HepaticVessel,2,2,5,0
MSD/Task08_HepaticVessel/labelsTr/hepaticvessel_192.nii.gz,Task08_HepaticVessel,2,3,5,0
MSD/Task08_HepaticVessel/labelsTr/hepaticvessel_193.nii.gz,Task08_HepaticVessel,2,4,5,0
MSD/Task08_HepaticVessel/labelsTr/hepaticvessel_194.nii.gz,Task08_HepaticVessel,2,1,5,0
MSD/Task08_HepaticVessel/labelsTr/hepaticvessel_195.nii.gz,Task08_HepaticVessel,2,1,5,0
MSD/Task08_HepaticVessel/labelsTr/hepaticvessel_196.nii.gz,Task08_HepaticVessel,2,2,5,0
MSD/Task08_HepaticVessel/labelsTr/hepaticvessel_198.nii.gz,Task08_HepaticVessel,2,1,5,0
MSD/Task08_HepaticVessel/labelsTr/hepaticvessel_199.nii.gz,Task08_HepaticVessel,2,1,5,0
MSD/Task08_HepaticVessel/labelsTr/hepaticvessel_200.nii.gz,Task08_HepaticVessel,2,1,5,0
MSD/Task08_HepaticVessel/labelsTr/hepaticvessel_201.nii.gz,Task08_HepaticVessel,2,2,5,0
MSD/Task08_HepaticVessel/labelsTr/hepaticvessel_203.nii.gz,Task08_HepaticVessel,2,4,5,0
MSD/Task08_HepaticVessel/labelsTr/hepaticvessel_206.nii.gz,Task08_HepaticVessel,2,4,5,0
MSD/Task08_HepaticVessel/labelsTr/hepaticvessel_207.nii.gz,Task08_HepaticVessel,2,1,5,0
MSD/Task08_HepaticVessel/labelsTr/hepaticvessel_208.nii.gz,Task08_HepaticVessel,2,2,5,0
MSD/Task08_HepaticVessel/labelsTr/hepaticvessel_209.nii.gz,Task08_HepaticVessel,2,3,5,0
MSD/Task08_HepaticVessel/labelsTr/hepaticvessel_211.nii.gz,Task08_HepaticVessel,2,0,5,0
MSD/Task08_HepaticVessel/labelsTr/hepaticvessel_213.nii.gz,Task08_HepaticVessel,2,1,5,0
MSD/Task08_HepaticVessel/labelsTr/hepaticvessel_214.nii.gz,Task08_HepaticVessel,2,1,5,0
MSD/Task08_HepaticVessel/labelsTr/hepaticvessel_215.nii.gz,Task08_HepaticVessel,2,1,5,0
MSD/Task08_HepaticVessel/labelsTr/hepaticvessel_218.nii.gz,Task08_HepaticVessel,2,1,5,0
MSD/Task08_HepaticVessel/labelsTr/hepaticvessel_221.nii.gz,Task08_HepaticVessel,2,3,5,0
MSD/Task08_HepaticVessel/labelsTr/hepaticvessel_222.nii.gz,Task08_HepaticVessel,2,3,5,0
MSD/Task08_HepaticVessel/labelsTr/hepaticvessel_223.nii.gz,Task08_HepaticVessel,2,3,5,0
MSD/Task08_HepaticVessel/labelsTr/hepaticvessel_227.nii.gz,Task08_HepaticVessel,2,0,5,0
MSD/Task08_HepaticVessel/labelsTr/hepaticvessel_229.nii.gz,Task08_HepaticVessel,2,0,5,0
MSD/Task08_HepaticVessel/labelsTr/hepaticvessel_230.nii.gz,Task08_HepaticVessel,2,2,5,0
MSD/Task08_HepaticVessel/labelsTr/hepaticvessel_233.nii.gz,Task08_HepaticVessel,2,4,5,0
MSD/Task08_HepaticVessel/labelsTr/hepaticvessel_234.nii.gz,Task08_HepaticVessel,2,2,5,0
MSD/Task08_HepaticVessel/labelsTr/hepaticvessel_237.nii.gz,Task08_HepaticVessel,2,1,5,0
MSD/Task08_HepaticVessel/labelsTr/hepaticvessel_240.nii.gz,Task08_HepaticVessel,2,0,5,0
MSD/Task08_HepaticVessel/labelsTr/hepaticvessel_242.nii.gz,Task08_HepaticVessel,2,4,5,0
MSD/Task08_HepaticVessel/labelsTr/hepaticvessel_245.nii.gz,Task08_HepaticVessel,2,2,5,0
MSD/Task08_HepaticVessel/labelsTr/hepaticvessel_248.nii.gz,Task08_HepaticVessel,2,4,5,0
MSD/Task08_HepaticVessel/labelsTr/hepaticvessel_256.nii.gz,Task08_HepaticVessel,2,4,5,0
MSD/Task08_HepaticVessel/labelsTr/hepaticvessel_258.nii.gz,Task08_HepaticVessel,2,3,5,0
MSD/Task08_HepaticVessel/labelsTr/hepaticvessel_259.nii.gz,Task08_HepaticVessel,2,0,5,0
MSD/Task08_HepaticVessel/labelsTr/hepaticvessel_262.nii.gz,Task08_HepaticVessel,2,4,5,0
MSD/Task08_HepaticVessel/labelsTr/hepaticvessel_263.nii.gz,Task08_HepaticVessel,2,0,5,0
MSD/Task08_HepaticVessel/labelsTr/hepaticvessel_265.nii.gz,Task08_HepaticVessel,2,4,5,0
MSD/Task08_HepaticVessel/labelsTr/hepaticvessel_268.nii.gz,Task08_HepaticVessel,2,2,5,0
MSD/Task08_HepaticVessel/labelsTr/hepaticvessel_269.nii.gz,Task08_HepaticVessel,2,1,5,0
MSD/Task08_HepaticVessel/labelsTr/hepaticvessel_271.nii.gz,Task08_HepaticVessel,2,4,5,0
MSD/Task08_HepaticVessel/labelsTr/hepaticvessel_272.nii.gz,Task08_HepaticVessel,2,1,5,0
MSD/Task08_HepaticVessel/labelsTr/hepaticvessel_274.nii.gz,Task08_HepaticVessel,2,1,5,0
MSD/Task08_HepaticVessel/labelsTr/hepaticvessel_275.nii.gz,Task08_HepaticVessel,2,3,5,0
MSD/Task08_HepaticVessel/labelsTr/hepaticvessel_278.nii.gz,Task08_HepaticVessel,2,1,5,0
MSD/Task08_HepaticVessel/labelsTr/hepaticvessel_279.nii.gz,Task08_HepaticVessel,2,0,5,0
MSD/Task08_HepaticVessel/labelsTr/hepaticvessel_280.nii.gz,Task08_HepaticVessel,2,0,5,0
MSD/Task08_HepaticVessel/labelsTr/hepaticvessel_281.nii.gz,Task08_HepaticVessel,2,0,5,0
MSD/Task08_HepaticVessel/labelsTr/hepaticvessel_282.nii.gz,Task08_HepaticVessel,2,2,5,0
MSD/Task08_HepaticVessel/labelsTr/hepaticvessel_284.nii.gz,Task08_HepaticVessel,2,2,5,0
MSD/Task08_HepaticVessel/labelsTr/hepaticvessel_285.nii.gz,Task08_HepaticVessel,2,0,5,0
MSD/Task08_HepaticVessel/labelsTr/hepaticvessel_286.nii.gz,Task08_HepaticVessel,2,0,5,0
MSD/Task08_HepaticVessel/labelsTr/hepaticvessel_287.nii.gz,Task08_HepaticVessel,2,4,5,0
MSD/Task08_HepaticVessel/labelsTr/hepaticvessel_289.nii.gz,Task08_HepaticVessel,2,0,5,0
MSD/Task08_HepaticVessel/labelsTr/hepaticvessel_290.nii.gz,Task08_HepaticVessel,2,0,5,0
MSD/Task08_HepaticVessel/labelsTr/hepaticvessel_291.nii.gz,Task08_HepaticVessel,2,0,5,0
MSD/Task08_HepaticVessel/labelsTr/hepaticvessel_293.nii.gz,Task08_HepaticVessel,2,0,5,0
MSD/Task08_HepaticVessel/labelsTr/hepaticvessel_294.nii.gz,Task08_HepaticVessel,2,1,5,0
MSD/Task08_HepaticVessel/labelsTr/hepaticvessel_296.nii.gz,Task08_HepaticVessel,2,2,5,0
MSD/Task08_HepaticVessel/labelsTr/hepaticvessel_297.nii.gz,Task08_HepaticVessel,2,4,5,0
MSD/Task08_HepaticVessel/labelsTr/hepaticvessel_300.nii.gz,Task08_HepaticVessel,2,2,5,0
MSD/Task08_HepaticVessel/labelsTr/hepaticvessel_303.nii.gz,Task08_HepaticVessel,2,0,5,0
MSD/Task08_HepaticVessel/labelsTr/hepaticvessel_307.nii.gz,Task08_HepaticVessel,2,2,5,0
MSD/Task08_HepaticVessel/labelsTr/hepaticvessel_308.nii.gz,Task08_HepaticVessel,2,0,5,0
MSD/Task08_HepaticVessel/labelsTr/hepaticvessel_309.nii.gz,Task08_HepaticVessel,2,0,5,0
MSD/Task08_HepaticVessel/labelsTr/hepaticvessel_314.nii.gz,Task08_HepaticVessel,2,3,5,0
MSD/Task08_HepaticVessel/labelsTr/hepaticvessel_319.nii.gz,Task08_HepaticVessel,2,4,5,0
MSD/Task08_HepaticVessel/labelsTr/hepaticvessel_320.nii.gz,Task08_HepaticVessel,2,3,5,0
MSD/Task08_HepaticVessel/labelsTr/hepaticvessel_322.nii.gz,Task08_HepaticVessel,2,4,5,0
MSD/Task08_HepaticVessel/labelsTr/hepaticvessel_323.nii.gz,Task08_HepaticVessel,2,2,5,0
MSD/Task08_HepaticVessel/labelsTr/hepaticvessel_324.nii.gz,Task08_HepaticVessel,2,0,5,0
MSD/Task08_HepaticVessel/labelsTr/hepaticvessel_325.nii.gz,Task08_HepaticVessel,2,2,5,0
MSD/Task08_HepaticVessel/labelsTr/hepaticvessel_327.nii.gz,Task08_HepaticVessel,2,2,5,0
MSD/Task08_HepaticVessel/labelsTr/hepaticvessel_329.nii.gz,Task08_HepaticVessel,2,1,5,0
MSD/Task08_HepaticVessel/labelsTr/hepaticvessel_330.nii.gz,Task08_HepaticVessel,2,3,5,0
MSD/Task08_HepaticVessel/labelsTr/hepaticvessel_333.nii.gz,Task08_HepaticVessel,2,2,5,0
MSD/Task08_HepaticVessel/labelsTr/hepaticvessel_335.nii.gz,Task08_HepaticVessel,2,3,5,0
MSD/Task08_HepaticVessel/labelsTr/hepaticvessel_338.nii.gz,Task08_HepaticVessel,2,3,5,0
MSD/Task08_HepaticVessel/labelsTr/hepaticvessel_340.nii.gz,Task08_HepaticVessel,2,1,5,0
MSD/Task08_HepaticVessel/labelsTr/hepaticvessel_341.nii.gz,Task08_HepaticVessel,2,4,5,0
MSD/Task08_HepaticVessel/labelsTr/hepaticvessel_344.nii.gz,Task08_HepaticVessel,2,4,5,0
MSD/Task08_HepaticVessel/labelsTr/hepaticvessel_345.nii.gz,Task08_HepaticVessel,2,3,5,0
MSD/Task08_HepaticVessel/labelsTr/hepaticvessel_348.nii.gz,Task08_HepaticVessel,2,1,5,0
MSD/Task08_HepaticVessel/labelsTr/hepaticvessel_349.nii.gz,Task08_HepaticVessel,2,0,5,0
MSD/Task08_HepaticVessel/labelsTr/hepaticvessel_350.nii.gz,Task08_HepaticVessel,2,1,5,0
MSD/Task08_HepaticVessel/labelsTr/hepaticvessel_353.nii.gz,Task08_HepaticVessel,2,0,5,0
MSD/Task08_HepaticVessel/labelsTr/hepaticvessel_356.nii.gz,Task08_HepaticVessel,2,1,5,0
MSD/Task08_HepaticVessel/labelsTr/hepaticvessel_358.nii.gz,Task08_HepaticVessel,2,4,5,0
MSD/Task08_HepaticVessel/labelsTr/hepaticvessel_359.nii.gz,Task08_HepaticVessel,2,2,5,0
MSD/Task08_HepaticVessel/labelsTr/hepaticvessel_361.nii.gz,Task08_HepaticVessel,2,4,5,0
MSD/Task08_HepaticVessel/labelsTr/hepaticvessel_362.nii.gz,Task08_HepaticVessel,2,2,5,0
MSD/Task08_HepaticVessel/labelsTr/hepaticvessel_363.nii.gz,Task08_HepaticVessel,2,0,5,0
MSD/Task08_HepaticVessel/labelsTr/hepaticvessel_367.nii.gz,Task08_HepaticVessel,2,0,5,0
MSD/Task08_HepaticVessel/labelsTr/hepaticvessel_368.nii.gz,Task08_HepaticVessel,2,1,5,0
MSD/Task08_HepaticVessel/labelsTr/hepaticvessel_369.nii.gz,Task08_HepaticVessel,2,2,5,0
MSD/Task08_HepaticVessel/labelsTr/hepaticvessel_371.nii.gz,Task08_HepaticVessel,2,2,5,0
MSD/Task08_HepaticVessel/labelsTr/hepaticvessel_372.nii.gz,Task08_HepaticVessel,2,3,5,0
MSD/Task08_HepaticVessel/labelsTr/hepaticvessel_373.nii.gz,Task08_HepaticVessel,2,3,5,0
MSD/Task08_HepaticVessel/labelsTr/hepaticvessel_374.nii.gz,Task08_HepaticVessel,2,3,5,0
MSD/Task08_HepaticVessel/labelsTr/hepaticvessel_375.nii.gz,Task08_HepaticVessel,2,1,5,0
MSD/Task08_HepaticVessel/labelsTr/hepaticvessel_379.nii.gz,Task08_HepaticVessel,2,4,5,0
MSD/Task08_HepaticVessel/labelsTr/hepaticvessel_382.nii.gz,Task08_HepaticVessel,2,4,5,0
MSD/Task08_HepaticVessel/labelsTr/hepaticvessel_384.nii.gz,Task08_HepaticVessel,2,3,5,0
MSD/Task08_HepaticVessel/labelsTr/hepaticvessel_385.nii.gz,Task08_HepaticVessel,2,3,5,0
MSD/Task08_HepaticVessel/labelsTr/hepaticvessel_386.nii.gz,Task08_HepaticVessel,2,3,5,0
MSD/Task08_HepaticVessel/labelsTr/hepaticvessel_388.nii.gz,Task08_HepaticVessel,2,1,5,0
MSD/Task08_HepaticVessel/labelsTr/hepaticvessel_389.nii.gz,Task08_HepaticVessel,2,0,5,0
MSD/Task08_HepaticVessel/labelsTr/hepaticvessel_391.nii.gz,Task08_HepaticVessel,2,1,5,0
MSD/Task08_HepaticVessel/labelsTr/hepaticvessel_393.nii.gz,Task08_HepaticVessel,2,4,5,0
MSD/Task08_HepaticVessel/labelsTr/hepaticvessel_397.nii.gz,Task08_HepaticVessel,2,0,5,0
MSD/Task08_HepaticVessel/labelsTr/hepaticvessel_398.nii.gz,Task08_HepaticVessel,2,3,5,0
MSD/Task08_HepaticVessel/labelsTr/hepaticvessel_400.nii.gz,Task08_HepaticVessel,2,4,5,0
MSD/Task08_HepaticVessel/labelsTr/hepaticvessel_401.nii.gz,Task08_HepaticVessel,2,3,5,0
MSD/Task08_HepaticVessel/labelsTr/hepaticvessel_402.nii.gz,Task08_HepaticVessel,2,3,5,0
MSD/Task08_HepaticVessel/labelsTr/hepaticvessel_404.nii.gz,Task08_HepaticVessel,2,4,5,0
MSD/Task08_HepaticVessel/labelsTr/hepaticvessel_406.nii.gz,Task08_HepaticVessel,2,4,5,0
MSD/Task08_HepaticVessel/labelsTr/hepaticvessel_407.nii.gz,Task08_HepaticVessel,2,3,5,0
MSD/Task08_HepaticVessel/labelsTr/hepaticvessel_408.nii.gz,Task08_HepaticVessel,2,1,5,0
MSD/Task08_HepaticVessel/labelsTr/hepaticvessel_409.nii.gz,Task08_HepaticVessel,2,2,5,0
MSD/Task08_HepaticVessel/labelsTr/hepaticvessel_419.nii.gz,Task08_HepaticVessel,2,3,5,0
MSD/Task08_HepaticVessel/labelsTr/hepaticvessel_420.nii.gz,Task08_HepaticVessel,2,2,5,0
MSD/Task08_HepaticVessel/labelsTr/hepaticvessel_422.nii.gz,Task08_HepaticVessel,2,3,5,0
MSD/Task08_HepaticVessel/labelsTr/hepaticvessel_424.nii.gz,Task08_HepaticVessel,2,0,5,0
MSD/Task08_HepaticVessel/labelsTr/hepaticvessel_425.nii.gz,Task08_HepaticVessel,2,0,5,0
MSD/Task08_HepaticVessel/labelsTr/hepaticvessel_427.nii.gz,Task08_HepaticVessel,2,3,5,0
MSD/Task08_HepaticVessel/labelsTr/hepaticvessel_431.nii.gz,Task08_HepaticVessel,2,2,5,0
MSD/Task08_HepaticVessel/labelsTr/hepaticvessel_432.nii.gz,Task08_HepaticVessel,2,2,5,0
MSD/Task08_HepaticVessel/labelsTr/hepaticvessel_433.nii.gz,Task08_HepaticVessel,2,1,5,0
MSD/Task08_HepaticVessel/labelsTr/hepaticvessel_434.nii.gz,Task08_HepaticVessel,2,2,5,0
MSD/Task08_HepaticVessel/labelsTr/hepaticvessel_438.nii.gz,Task08_HepaticVessel,2,0,5,0
MSD/Task08_HepaticVessel/labelsTr/hepaticvessel_440.nii.gz,Task08_HepaticVessel,2,3,5,0
MSD/Task08_HepaticVessel/labelsTr/hepaticvessel_441.nii.gz,Task08_HepaticVessel,2,0,5,0
MSD/Task08_HepaticVessel/labelsTr/hepaticvessel_443.nii.gz,Task08_HepaticVessel,2,0,5,0
MSD/Task08_HepaticVessel/labelsTr/hepaticvessel_444.nii.gz,Task08_HepaticVessel,2,1,5,0
MSD/Task08_HepaticVessel/labelsTr/hepaticvessel_445.nii.gz,Task08_HepaticVessel,2,4,5,0
MSD/Task08_HepaticVessel/labelsTr/hepaticvessel_446.nii.gz,Task08_HepaticVessel,2,4,5,0
MSD/Task08_HepaticVessel/labelsTr/hepaticvessel_447.nii.gz,Task08_HepaticVessel,2,4,5,0
MSD/Task08_HepaticVessel/labelsTr/hepaticvessel_453.nii.gz,Task08_HepaticVessel,2,3,5,0
MSD/Task08_HepaticVessel/labelsTr/hepaticvessel_454.nii.gz,Task08_HepaticVessel,2,0,5,0
MSD/Task08_HepaticVessel/labelsTr/hepaticvessel_455.nii.gz,Task08_HepaticVessel,2,4,5,0
MSD/Task09_Spleen/labelsTr/spleen_10.nii.gz,Task09_Spleen,1,0,5,0
MSD/Task09_Spleen/labelsTr/spleen_12.nii.gz,Task09_Spleen,1,2,5,0
MSD/Task09_Spleen/labelsTr/spleen_14.nii.gz,Task09_Spleen,1,3,5,0
MSD/Task09_Spleen/labelsTr/spleen_17.nii.gz,Task09_Spleen,1,0,5,0
MSD/Task09_Spleen/labelsTr/spleen_18.nii.gz,Task09_Spleen,1,2,5,0
MSD/Task09_Spleen/labelsTr/spleen_19.nii.gz,Task09_Spleen,1,1,5,0
MSD/Task09_Spleen/labelsTr/spleen_2.nii.gz,Task09_Spleen,1,3,5,0
MSD/Task09_Spleen/labelsTr/spleen_21.nii.gz,Task09_Spleen,1,0,5,0
MSD/Task09_Spleen/labelsTr/spleen_22.nii.gz,Task09_Spleen,1,4,5,0
MSD/Task09_Spleen/labelsTr/spleen_24.nii.gz,Task09_Spleen,1,4,5,0
MSD/Task09_Spleen/labelsTr/spleen_26.nii.gz,Task09_Spleen,1,2,5,0
MSD/Task09_Spleen/labelsTr/spleen_27.nii.gz,Task09_Spleen,1,4,5,0
MSD/Task09_Spleen/labelsTr/spleen_28.nii.gz,Task09_Spleen,1,3,5,0
MSD/Task09_Spleen/labelsTr/spleen_29.nii.gz,Task09_Spleen,1,0,5,0
MSD/Task09_Spleen/labelsTr/spleen_3.nii.gz,Task09_Spleen,1,3,5,0
MSD/Task09_Spleen/labelsTr/spleen_31.nii.gz,Task09_Spleen,1,2,5,0
MSD/Task09_Spleen/labelsTr/spleen_32.nii.gz,Task09_Spleen,1,4,5,0
MSD/Task09_Spleen/labelsTr/spleen_33.nii.gz,Task09_Spleen,1,0,5,0
MSD/Task09_Spleen/labelsTr/spleen_38.nii.gz,Task09_Spleen,1,0,5,0
MSD/Task09_Spleen/labelsTr/spleen_40.nii.gz,Task09_Spleen,1,1,5,0
MSD/Task09_Spleen/labelsTr/spleen_44.nii.gz,Task09_Spleen,1,3,5,0
MSD/Task09_Spleen/labelsTr/spleen_46.nii.gz,Task09_Spleen,1,3,5,0
MSD/Task09_Spleen/labelsTr/spleen_49.nii.gz,Task09_Spleen,1,4,5,0
MSD/Task09_Spleen/labelsTr/spleen_52.nii.gz,Task09_Spleen,1,3,5,0
MSD/Task09_Spleen/labelsTr/spleen_53.nii.gz,Task09_Spleen,1,4,5,0
MSD/Task09_Spleen/labelsTr/spleen_59.nii.gz,Task09_Spleen,1,4,5,0
MSD/Task09_Spleen/labelsTr/spleen_6.nii.gz,Task09_Spleen,1,1,5,0
MSD/Task09_Spleen/labelsTr/spleen_60.nii.gz,Task09_Spleen,1,1,5,0
MSD/Task09_Spleen/labelsTr/spleen_61.nii.gz,Task09_Spleen,1,1,5,0
MSD/Task09_Spleen/labelsTr/spleen_62.nii.gz,Task09_Spleen,1,2,5,0
MSD/Task09_Spleen/labelsTr/spleen_63.nii.gz,Task09_Spleen,1,2,5,0
MSD/Task09_Spleen/labelsTr/spleen_9.nii.gz,Task09_Spleen,1,1,5,0
MSD/Task10_Colon/labelsTr/colon_005.nii.gz,Task10_Colon,1,0,5,0
MSD/Task10_Colon/labelsTr/colon_006.nii.gz,Task10_Colon,1,4,5,0
MSD/Task10_Colon/labelsTr/colon_007.nii.gz,Task10_Colon,1,3,5,0
MSD/Task10_Colon/labelsTr/colon_012.nii.gz,Task10_Colon,1,2,5,0
MSD/Task10_Colon/labelsTr/colon_022.nii.gz,Task10_Colon,1,1,5,0
MSD/Task10_Colon/labelsTr/colon_025.nii.gz,Task10_Colon,1,0,5,0
MSD/Task10_Colon/labelsTr/colon_026.nii.gz,Task10_Colon,1,3,5,0
MSD/Task10_Colon/labelsTr/colon_027.nii.gz,Task10_Colon,1,4,5,0
MSD/Task10_Colon/labelsTr/colon_029.nii.gz,Task10_Colon,1,3,5,0
MSD/Task10_Colon/labelsTr/colon_030.nii.gz,Task10_Colon,1,3,5,0
MSD/Task10_Colon/labelsTr/colon_031.nii.gz,Task10_Colon,1,0,5,0
MSD/Task10_Colon/labelsTr/colon_033.nii.gz,Task10_Colon,1,1,5,0
MSD/Task10_Colon/labelsTr/colon_036.nii.gz,Task10_Colon,1,0,5,0
MSD/Task10_Colon/labelsTr/colon_038.nii.gz,Task10_Colon,1,3,5,0
MSD/Task10_Colon/labelsTr/colon_039.nii.gz,Task10_Colon,1,4,5,0
MSD/Task10_Colon/labelsTr/colon_040.nii.gz,Task10_Colon,1,0,5,0
MSD/Task10_Colon/labelsTr/colon_041.nii.gz,Task10_Colon,1,1,5,0
MSD/Task10_Colon/labelsTr/colon_042.nii.gz,Task10_Colon,1,3,5,0
MSD/Task10_Colon/labelsTr/colon_045.nii.gz,Task10_Colon,1,1,5,0
MSD/Task10_Colon/labelsTr/colon_050.nii.gz,Task10_Colon,1,4,5,0
MSD/Task10_Colon/labelsTr/colon_051.nii.gz,Task10_Colon,1,0,5,0
MSD/Task10_Colon/labelsTr/colon_053.nii.gz,Task10_Colon,1,2,5,0
MSD/Task10_Colon/labelsTr/colon_054.nii.gz,Task10_Colon,1,3,5,0
MSD/Task10_Colon/labelsTr/colon_059.nii.gz,Task10_Colon,1,1,5,0
MSD/Task10_Colon/labelsTr/colon_061.nii.gz,Task10_Colon,1,1,5,0
MSD/Task10_Colon/labelsTr/colon_064.nii.gz,Task10_Colon,1,3,5,0
MSD/Task10_Colon/labelsTr/colon_065.nii.gz,Task10_Colon,1,4,5,0
MSD/Task10_Colon/labelsTr/colon_066.nii.gz,Task10_Colon,1,2,5,0
MSD/Task10_Colon/labelsTr/colon_069.nii.gz,Task10_Colon,1,4,5,0
MSD/Task10_Colon/labelsTr/colon_072.nii.gz,Task10_Colon,1,3,5,0
MSD/Task10_Colon/labelsTr/colon_074.nii.gz,Task10_Colon,1,2,5,0
MSD/Task10_Colon/labelsTr/colon_075.nii.gz,Task10_Colon,1,0,5,0
MSD/Task10_Colon/labelsTr/colon_077.nii.gz,Task10_Colon,1,1,5,0
MSD/Task10_Colon/labelsTr/colon_078.nii.gz,Task10_Colon,1,1,5,0
MSD/Task10_Colon/labelsTr/colon_081.nii.gz,Task10_Colon,1,2,5,0
MSD/Task10_Colon/labelsTr/colon_086.nii.gz,Task10_Colon,1,1,5,0
MSD/Task10_Colon/labelsTr/colon_088.nii.gz,Task10_Colon,1,1,5,0
MSD/Task10_Colon/labelsTr/colon_089.nii.gz,Task10_Colon,1,4,5,0
MSD/Task10_Colon/labelsTr/colon_092.nii.gz,Task10_Colon,1,3,5,0
MSD/Task10_Colon/labelsTr/colon_095.nii.gz,Task10_Colon,1,0,5,0
MSD/Task10_Colon/labelsTr/colon_096.nii.gz,Task10_Colon,1,0,5,0
MSD/Task10_Colon/labelsTr/colon_099.nii.gz,Task10_Colon,1,4,5,0
MSD/Task10_Colon/labelsTr/colon_100.nii.gz,Task10_Colon,1,4,5,0
MSD/Task10_Colon/labelsTr/colon_103.nii.gz,Task10_Colon,1,4,5,0
MSD/Task10_Colon/labelsTr/colon_104.nii.gz,Task10_Colon,1,2,5,0
MSD/Task10_Colon/labelsTr/colon_106.nii.gz,Task10_Colon,1,2,5,0
MSD/Task10_Colon/labelsTr/colon_107.nii.gz,Task10_Colon,1,2,5,0
MSD/Task10_Colon/labelsTr/colon_108.nii.gz,Task10_Colon,1,0,5,0
MSD/Task10_Colon/labelsTr/colon_111.nii.gz,Task10_Colon,1,2,5,0
MSD/Task10_Colon/labelsTr/colon_112.nii.gz,Task10_Colon,1,0,5,0
MSD/Task10_Colon/labelsTr/colon_115.nii.gz,Task10_Colon,1,0,5,0
MSD/Task10_Colon/labelsTr/colon_117.nii.gz,Task10_Colon,1,1,5,0
MSD/Task10_Colon/labelsTr/colon_118.nii.gz,Task10_Colon,1,4,5,0
MSD/Task10_Colon/labelsTr/colon_122.nii.gz,Task10_Colon,1,2,5,0
MSD/Task10_Colon/labelsTr/colon_124.nii.gz,Task10_Colon,1,1,5,0
MSD/Task10_Colon/labelsTr/colon_126.nii.gz,Task10_Colon,1,3,5,0
MSD/Task10_Colon/labelsTr/colon_127.nii.gz,Task10_Colon,1,1,5,0
MSD/Task10_Colon/labelsTr/colon_129.nii.gz,Task10_Colon,1,0,5,0
MSD/Task10_Colon/labelsTr/colon_131.nii.gz,Task10_Colon,1,3,5,0
MSD/Task10_Colon/labelsTr/colon_134.nii.gz,Task10_Colon,1,4,5,0
MSD/Task10_Colon/labelsTr/colon_137.nii.gz,Task10_Colon,1,3,5,0
MSD/Task10_Colon/labelsTr/colon_138.nii.gz,Task10_Colon,1,2,5,0
MSD/Task10_Colon/labelsTr/colon_140.nii.gz,Task10_Colon,1,0,5,0
MSD/Task10_Colon/labelsTr/colon_141.nii.gz,Task10_Colon,1,2,5,0
MSD/Task10_Colon/labelsTr/colon_142.nii.gz,Task10_Colon,1,4,5,0
MSD/Task10_Colon/labelsTr/colon_143.nii.gz,Task10_Colon,1,0,5,0
MSD/Task10_Colon/labelsTr/colon_144.nii.gz,Task10_Colon,1,4,5,0
MSD/Task10_Colon/labelsTr/colon_145.nii.gz,Task10_Colon,1,1,5,0
MSD/Task10_Colon/labelsTr/colon_148.nii.gz,Task10_Colon,1,4,5,0
MSD/Task10_Colon/labelsTr/colon_149.nii.gz,Task10_Colon,1,2,5,0
MSD/Task10_Colon/labelsTr/colon_154.nii.gz,Task10_Colon,1,2,5,0
MSD/Task10_Colon/labelsTr/colon_155.nii.gz,Task10_Colon,1,2,5,0
MSD/Task10_Colon/labelsTr/colon_157.nii.gz,Task10_Colon,1,0,5,0
MSD/Task10_Colon/labelsTr/colon_159.nii.gz,Task10_Colon,1,1,5,0
MSD/Task10_Colon/labelsTr/colon_161.nii.gz,Task10_Colon,1,3,5,0
MSD/Task10_Colon/labelsTr/colon_162.nii.gz,Task10_Colon,1,2,5,0
MSD/Task10_Colon/labelsTr/colon_163.nii.gz,Task10_Colon,1,1,5,0
MSD/Task10_Colon/labelsTr/colon_164.nii.gz,Task10_Colon,1,3,5,0
MSD/Task10_Colon/labelsTr/colon_165.nii.gz,Task10_Colon,1,3,5,0
MSD/Task10_Colon/labelsTr/colon_166.nii.gz,Task10_Colon,1,1,5,0
MSD/Task10_Colon/labelsTr/colon_168.nii.gz,Task10_Colon,1,0,5,0
MSD/Task10_Colon/labelsTr/colon_169.nii.gz,Task10_Colon,1,1,5,0
MSD/Task10_Colon/labelsTr/colon_171.nii.gz,Task10_Colon,1,2,5,0
MSD/Task10_Colon/labelsTr/colon_175.nii.gz,Task10_Colon,1,4,5,0
MSD/Task10_Colon/labelsTr/colon_176.nii.gz,Task10_Colon,1,1,5,0
MSD/Task10_Colon/labelsTr/colon_181.nii.gz,Task10_Colon,1,4,5,0
MSD/Task10_Colon/labelsTr/colon_185.nii.gz,Task10_Colon,1,0,5,0
MSD/Task10_Colon/labelsTr/colon_192.nii.gz,Task10_Colon,1,4,5,0
MSD/Task10_Colon/labelsTr/colon_193.nii.gz,Task10_Colon,1,3,5,0
MSD/Task10_Colon/labelsTr/colon_196.nii.gz,Task10_Colon,1,2,5,0
MSD/Task10_Colon/labelsTr/colon_201.nii.gz,Task10_Colon,1,3,5,0
MSD/Task10_Colon/labelsTr/colon_202.nii.gz,Task10_Colon,1,3,5,0
MSD/Task10_Colon/labelsTr/colon_205.nii.gz,Task10_Colon,1,3,5,0
MSD/Task10_Colon/labelsTr/colon_206.nii.gz,Task10_Colon,1,2,5,0
MSD/Task10_Colon/labelsTr/colon_207.nii.gz,Task10_Colon,1,4,5,0
MSD/Task10_Colon/labelsTr/colon_212.nii.gz,Task10_Colon,1,4,5,0
MSD/Task10_Colon/labelsTr/colon_214.nii.gz,Task10_Colon,1,2,5,0
MSD/Task10_Colon/labelsTr/colon_217.nii.gz,Task10_Colon,1,0,5,0
MSD/Task10_Colon/labelsTr/colon_218.nii.gz,Task10_Colon,1,1,5,0
MSD/Task10_Colon/labelsTr/colon_219.nii.gz,Task10_Colon,1,0,5,0
